"number_of_casualties","LAD22CD","fr_m","fr_am","fr_a","fr_b","fr_c","fr_u","sr_unk","sr_n","sr_m","sr_am","sr_a","sr_b","sr_c","sr_u","rt_r","rt_ow","rt_dc","rt_sc","rt_sr","jd_n","jd_r","jd_mr","jd_tsj","jd_sr","jd_c","jd_m","jd_pe","jd_o","jc_ap","jc_ats","jc_ss","jc_gu","phc_n","phc_c","ppf_n","ppf_njl","ppf_ptsj","ppf_fs","ppf_zcr","lc_l","lc_dl","lc_dln","lc_dn","lc_dlu","wc_hw","wc_f","wc_r","wc_s","wc_fm","rsc_d","rsc_w","rsc_s","rsc_fi","rsc_fl","sc_n","sc_ap","sc_rr","sc_od","sc_m","ch_n","ch_vo","ch_pa","ch_lo","u_y","u_n","sp20","sp30","sp40","sp50","sp60","sp70"
4,"E09000020",0,0,1,0,0,0,0,0,0,0,0.5,0,0,0.5,0,0.5,0,0.5,0,0,0,0,0,0,0.75,0,0,0.25,0,0.5,0,0.5,1,0,0,0.5,0.5,0,0,0.25,0.5,0.25,0,0,0,1,0,0,0,0.75,0.25,0,0,0,1,0,0,0,0,1,0,0,0,1,0,0.25,0.75,0,0,0,0
7,"E09000016",0,0,0.2,0.2,0.4,0.2,0,0.4,0,0,0,0,0.2,0.4,0,0,0.6,0.4,0,0.4,0.2,0,0,0,0.2,0,0,0.2,0,0,0,0.6,1,0,0.8,0,0,0,0.2,0.6,0.4,0,0,0,0.2,0.6,0.2,0,0,0.6,0.4,0,0,0,1,0,0,0,0,0.6,0.4,0,0,0.4,0.6,0.2,0.6,0,0,0,0.2
5,"E09000028",0,0,1,0,0,0,0,0.75,0,0,0,0.25,0,0,0,0.25,0.5,0.25,0,0.75,0,0,0.25,0,0,0,0,0,0,0,0,0.25,1,0,0.5,0.5,0,0,0,1,0,0,0,0,0,1,0,0,0,0.75,0.25,0,0,0,1,0,0,0,0,1,0,0,0,1,0,0.75,0.25,0,0,0,0
7,"E09000005",0,0,0.833333333333333,0,0.166666666666667,0,0,0.5,0,0,0.166666666666667,0,0.166666666666667,0.166666666666667,0,0,0.333333333333333,0.666666666666667,0,0.5,0,0,0.333333333333333,0,0.166666666666667,0,0,0,0,0.166666666666667,0,0.333333333333333,1,0,0.333333333333333,0.166666666666667,0.166666666666667,0,0.333333333333333,0.5,0.5,0,0,0,0,0.666666666666667,0.166666666666667,0,0,0.833333333333333,0.166666666666667,0,0,0,1,0,0,0,0,1,0,0,0,1,0,0.166666666666667,0.5,0.333333333333333,0,0,0
6,"E09000017",0.25,0,0.75,0,0,0,0,0.25,0,0,0,0,0.5,0.25,0.25,0,0.75,0,0,0.25,0.25,0,0.25,0,0.25,0,0,0,0,0.5,0,0.25,1,0,0.75,0.25,0,0,0,0.5,0.25,0,0,0.25,0,1,0,0,0,1,0,0,0,0,1,0,0,0,0,1,0,0,0,0.75,0.25,0,0.25,0.5,0,0,0.25
2,"E09000003",0,0,1,0,0,0,0,0,0,0,0,0,0.5,0.5,0,0,1,0,0,0,0,0,0.5,0,0,0.5,0,0,0,0.5,0,0.5,1,0,0.5,0,0,0.5,0,1,0,0,0,0,0,1,0,0,0,1,0,0,0,0,1,0,0,0,0,0.5,0.5,0,0,1,0,0,0,0,1,0,0
3,"E09000004",0,0,0.666666666666667,0.333333333333333,0,0,0,1,0,0,0,0,0,0,0,0,0,1,0,1,0,0,0,0,0,0,0,0,0,0,0,0,1,0,0.666666666666667,0,0,0,0.333333333333333,0.666666666666667,0,0,0,0.333333333333333,0,0.666666666666667,0.333333333333333,0,0,0.666666666666667,0.333333333333333,0,0,0,1,0,0,0,0,1,0,0,0,0.666666666666667,0.333333333333333,0,0.666666666666667,0,0.333333333333333,0,0
7,"E09000022",0,0,0.666666666666667,0.333333333333333,0,0,0,0.333333333333333,0,0,0,0,0,0.666666666666667,0,0,0,1,0,0.333333333333333,0,0,0.666666666666667,0,0,0,0,0,0,0,0,0.666666666666667,1,0,0.333333333333333,0,0.333333333333333,0,0.333333333333333,0,1,0,0,0,0,1,0,0,0,0.666666666666667,0.333333333333333,0,0,0,1,0,0,0,0,1,0,0,0,1,0,0,1,0,0,0,0
3,"E09000027",0,0,1,0,0,0,0,0.333333333333333,0,0,0,0,0,0.666666666666667,0,0,0.333333333333333,0.666666666666667,0,0.333333333333333,0,0,0.333333333333333,0,0.333333333333333,0,0,0,0,0,0,0.666666666666667,0.666666666666667,0.333333333333333,0.333333333333333,0.333333333333333,0.333333333333333,0,0,1,0,0,0,0,0,1,0,0,0,1,0,0,0,0,1,0,0,0,0,1,0,0,0,1,0,0.666666666666667,0,0.333333333333333,0,0,0
5,"E09000033",0,0,1,0,0,0,0,0.5,0,0,0,0,0,0.5,0,0,0.5,0.5,0,0.5,0,0,0.5,0,0,0,0,0,0,0,0,0.5,1,0,0.5,0.5,0,0,0,0,1,0,0,0,0,1,0,0,0,1,0,0,0,0,1,0,0,0,0,1,0,0,0,1,0,1,0,0,0,0,0
3,"E09000018",0,0,0.5,0,0.5,0,0,0,0,0,1,0,0,0,0,0,0.5,0.5,0,0,0,0,0.5,0,0.5,0,0,0,0,1,0,0,1,0,0,1,0,0,0,0.5,0.5,0,0,0,0,0.5,0.5,0,0,0,1,0,0,0,1,0,0,0,0,1,0,0,0,1,0,0.5,0,0.5,0,0,0
3,"E09000030",0,0,1,0,0,0,0,0.5,0,0,0.5,0,0,0,0,0,0,1,0,0.5,0,0,0,0,0,0.5,0,0,0,0.5,0,0,0.5,0.5,0.5,0.5,0,0,0,0.5,0.5,0,0,0,0,1,0,0,0,1,0,0,0,0,1,0,0,0,0,1,0,0,0,1,0,0,1,0,0,0,0
3,"E09000002",0,0,0.5,0,0,0.5,0,0.5,0,0,0,0,0,0.5,0,0,0.5,0.5,0,0.5,0,0,0.5,0,0,0,0,0,0,0,0,0.5,1,0,1,0,0,0,0,0,1,0,0,0,0,1,0,0,0,1,0,0,0,0,0.5,0,0.5,0,0,1,0,0,0,1,0,0,1,0,0,0,0
1,"E09000024",0,0,1,0,0,0,0,1,0,0,0,0,0,0,0,0,1,0,0,1,0,0,0,0,0,0,0,0,0,0,0,0,1,0,1,0,0,0,0,1,0,0,0,0,0,1,0,0,0,1,0,0,0,0,1,0,0,0,0,1,0,0,0,1,0,0,0,1,0,0,0
6,"E09000014",0,0,0.6,0,0.2,0.2,0,0.2,0,0,0.2,0,0,0.6,0,0,0.2,0.8,0,0.2,0,0,0.6,0,0,0.2,0,0,0,0.2,0,0.6,1,0,0.6,0,0.4,0,0,0.8,0.2,0,0,0,0,1,0,0,0,1,0,0,0,0,1,0,0,0,0,1,0,0,0,0.8,0.2,0.6,0.2,0.2,0,0,0
2,"E09000007",0,0,1,0,0,0,0,0.5,0,0,0.5,0,0,0,0,0.5,0,0.5,0,0.5,0,0,0,0,0.5,0,0,0,0,0.5,0,0,1,0,0.5,0,0.5,0,0,0.5,0.5,0,0,0,0,1,0,0,0,1,0,0,0,0,1,0,0,0,0,1,0,0,0,1,0,1,0,0,0,0,0
3,"E09000009",0,0,0.333333333333333,0.333333333333333,0,0.333333333333333,0,0,0,0,0,0,0.333333333333333,0.666666666666667,0,0,0.333333333333333,0.666666666666667,0,0,0,0,0.333333333333333,0,0.333333333333333,0.333333333333333,0,0,0,0.333333333333333,0,0.666666666666667,1,0,0.333333333333333,0.333333333333333,0,0,0.333333333333333,0,0.666666666666667,0.333333333333333,0,0,0,1,0,0,0,0.666666666666667,0.333333333333333,0,0,0,1,0,0,0,0,1,0,0,0,1,0,1,0,0,0,0,0
4,"E09000008",0,0,0.25,0.25,0,0.5,0,0.5,0,0,0,0,0,0.5,0,0,0.25,0.75,0,0.5,0,0,0.5,0,0,0,0,0,0,0,0,0.5,1,0,0.75,0,0,0,0.25,0.5,0.5,0,0,0,0.25,0.75,0.25,0,0,0.75,0.25,0,0,0,1,0,0,0,0,0.75,0.25,0,0,1,0,0.25,0.75,0,0,0,0
2,"E09000006",0,0,0.5,0,0.5,0,0,0.5,0,0,0,0,0,0.5,0,0,0,1,0,0.5,0,0,0.5,0,0,0,0,0,0,0,0,0.5,1,0,0.5,0,0,0,0.5,0,1,0,0,0,0,0.5,0.5,0,0,0.5,0.5,0,0,0,1,0,0,0,0,1,0,0,0,1,0,0,1,0,0,0,0
1,"E09000021",0,0,1,0,0,0,0,1,0,0,0,0,0,0,0,0,1,0,0,1,0,0,0,0,0,0,0,0,0,0,0,0,1,0,1,0,0,0,0,1,0,0,0,0,0,1,0,0,0,1,0,0,0,0,1,0,0,0,0,1,0,0,0,1,0,0,0,0,1,0,0
1,"E09000012",0,0,1,0,0,0,0,1,0,0,0,0,0,0,0,0,0,1,0,1,0,0,0,0,0,0,0,0,0,0,0,0,1,0,0,1,0,0,0,0,1,0,0,0,0,1,0,0,0,1,0,0,0,0,1,0,0,0,0,1,0,0,0,1,0,1,0,0,0,0,0
1,"E09000023",0,0,1,0,0,0,0,0,0,0,0,0,1,0,0,0,0,1,0,0,0,0,0,0,0,1,0,0,0,1,0,0,1,0,1,0,0,0,0,1,0,0,0,0,0,1,0,0,0,1,0,0,0,0,1,0,0,0,0,1,0,0,0,1,0,0,1,0,0,0,0
1,"E09000015",0,0,1,0,0,0,0,0,0,0,1,0,0,0,0,0,0,1,0,0,0,0,0,0,1,0,0,0,0,1,0,0,1,0,0,1,0,0,0,1,0,0,0,0,0,1,0,0,0,1,0,0,0,0,1,0,0,0,0,1,0,0,0,1,0,0,1,0,0,0,0
4,"E09000011",0,0,1,0,0,0,0,0,0,0,0.5,0,0,0.5,0,0,0.5,0.5,0,0,0,0,0.5,0,0,0,0,0.5,0,0.5,0,0.5,0.5,0.5,0,0.5,0,0,0.5,1,0,0,0,0,0,1,0,0,0,1,0,0,0,0,0.5,0,0.5,0,0,1,0,0,0,1,0,0.5,0.5,0,0,0,0
4,"E09000026",0,0,0.666666666666667,0,0.333333333333333,0,0,1,0,0,0,0,0,0,0,0,0.333333333333333,0.666666666666667,0,1,0,0,0,0,0,0,0,0,0,0,0,0,1,0,1,0,0,0,0,0,1,0,0,0,0,0.666666666666667,0,0,0,0.666666666666667,0.333333333333333,0,0,0,1,0,0,0,0,1,0,0,0,0.666666666666667,0.333333333333333,0,0.666666666666667,0.333333333333333,0,0,0
1,"E09000025",0,0,0,0,0,1,0,0,0,0,0,0,0,1,0,0,0,1,0,0,0,0,1,0,0,0,0,0,0,0,0,1,1,0,1,0,0,0,0,0,1,0,0,0,0,0,0,0,0,1,0,0,0,0,1,0,0,0,0,1,0,0,0,1,0,0,1,0,0,0,0
1,"E09000032",0,0,1,0,0,0,0,0,0,0,0,0,0,1,0,0,0,1,0,0,0,0,1,0,0,0,0,0,0,0,0,1,1,0,1,0,0,0,0,1,0,0,0,0,0,1,0,0,0,1,0,0,0,0,1,0,0,0,0,1,0,0,0,1,0,0,1,0,0,0,0
1,"E09000013",0,0,1,0,0,0,0,0,0,0,1,0,0,0,0,0,0,1,0,0,0,0,0,1,0,0,0,0,0,1,0,0,1,0,0,0,1,0,0,1,0,0,0,0,1,1,0,0,0,1,0,0,0,0,1,0,0,0,0,1,0,0,0,1,0,0,1,0,0,0,0
6,"E09000029",0,0,0,1,0,0,0,1,0,0,0,0,0,0,0,0,0,1,0,1,0,0,0,0,0,0,0,0,0,0,0,0,1,0,1,0,0,0,0,0,1,0,0,0,0,0,1,0,0,0,1,0,0,0,1,0,0,0,0,1,0,0,0,1,0,0,1,0,0,0,0
8,"E07000030",0,0,0.666666666666667,0,0,0.333333333333333,0,0.833333333333333,0,0,0,0,0,0.166666666666667,0,0,0.166666666666667,0.833333333333333,0,0.833333333333333,0,0,0,0,0.166666666666667,0,0,0,0,0,0,0.166666666666667,1,0,1,0,0,0,0,0.333333333333333,0,0,0.666666666666667,0,0,0.833333333333333,0.166666666666667,0,0,0.833333333333333,0.166666666666667,0,0,0,1,0,0,0,0,1,0,0,0,0,1,0,0,0.166666666666667,0.166666666666667,0.5,0.166666666666667
15,"E07000026",0,0,0.333333333333333,0.166666666666667,0,0.5,0,0.5,0,0,0.166666666666667,0,0,0.333333333333333,0,0,0,1,0,0.5,0,0,0.333333333333333,0,0,0,0,0.166666666666667,0,0,0,0.5,1,0,1,0,0,0,0,0.5,0,0,0.5,0,0,0.833333333333333,0,0,0,0.5,0.333333333333333,0,0.166666666666667,0,1,0,0,0,0,1,0,0,0,0,1,0.166666666666667,0.166666666666667,0,0,0.666666666666667,0
8,"E07000028",0,0,0.25,0,0,0.75,0,0.5,0,0,0.25,0,0,0.25,0,0,0,1,0,0.5,0,0,0.25,0,0,0,0,0.25,0,0.5,0,0,0.75,0.25,0.5,0.5,0,0,0,0.75,0.25,0,0,0,0,1,0,0,0,1,0,0,0,0,1,0,0,0,0,1,0,0,0,0.75,0.25,0.25,0.5,0,0,0.25,0
11,"E07000031",0,0,0.8,0.2,0,0,0,0.8,0,0,0,0,0,0.2,0,0,0.4,0.6,0,0.8,0,0,0,0,0,0,0,0.2,0,0,0,0.2,1,0,0.8,0,0,0,0.2,0.6,0,0,0.2,0.2,0,1,0,0,0,0.8,0.2,0,0,0,1,0,0,0,0,0.8,0.2,0,0,0,1,0,0,0,0,0.6,0.4
2,"E07000029",0,0,1,0,0,0,0,0,0,0,0,0,0,1,0,0,0,1,0,0,0,0,0,0,0,0,0,1,0,0,0,0,1,0,1,0,0,0,0,1,0,0,0,0,0,1,0,0,0,1,0,0,0,0,1,0,0,0,0,1,0,0,0,0,1,0,0,0,0,1,0
3,"E07000122",0,0,0.333333333333333,0,0,0.666666666666667,0,0.666666666666667,0,0,0,0,0,0.333333333333333,0.333333333333333,0,0,0.666666666666667,0,0.666666666666667,0.333333333333333,0,0,0,0,0,0,0,0,0,0,0.333333333333333,1,0,1,0,0,0,0,0.666666666666667,0,0.333333333333333,0,0,0,1,0,0,0,1,0,0,0,0,1,0,0,0,0,1,0,0,0,1,0,0,1,0,0,0,0
5,"E07000123",0,0,0.5,0,0,0.5,0,0.5,0,0,0,0,0,0.5,0.5,0,0,0.5,0,0.5,0.5,0,0,0,0,0,0,0,0,0,0,0.5,1,0,0.5,0,0,0,0.5,0.5,0.5,0,0,0,0,0.5,0.5,0,0,0.5,0.5,0,0,0,1,0,0,0,0,1,0,0,0,1,0,0,1,0,0,0,0
1,"E07000120",0,0,1,0,0,0,0,0,0,0,1,0,0,0,0,0,1,0,0,0,0,0,0,0,1,0,0,0,0,1,0,0,1,0,0,0,1,0,0,1,0,0,0,0,0,1,0,0,0,1,0,0,0,0,1,0,0,0,0,1,0,0,0,1,0,0,1,0,0,0,0
3,"E07000126",0,0,0,0.5,0,0.5,0,0.5,0,0,0,0,0,0.5,0,0,0,1,0,0.5,0,0,0,0,0.5,0,0,0,0,0,0.5,0,1,0,0.5,0,0,0,0.5,1,0,0,0,0,0,1,0,0,0,1,0,0,0,0,1,0,0,0,0,1,0,0,0,1,0,0,1,0,0,0,0
8,"E07000121",0,0,0.75,0,0,0.25,0,1,0,0,0,0,0,0,0,0,0.25,0.75,0,1,0,0,0,0,0,0,0,0,0,0,0,0,1,0,1,0,0,0,0,0.25,0.25,0,0.5,0,0,1,0,0,0,0.75,0.25,0,0,0,1,0,0,0,0,1,0,0,0,0.25,0.75,0,0.25,0,0,0.5,0.25
6,"E07000128",0.333333333333333,0,0.333333333333333,0,0,0.333333333333333,0,0.666666666666667,0,0,0,0,0,0.333333333333333,0,0,0.666666666666667,0.333333333333333,0,0.666666666666667,0,0,0.333333333333333,0,0,0,0,0,0,0,0,0.333333333333333,1,0,1,0,0,0,0,1,0,0,0,0,0,0.666666666666667,0.333333333333333,0,0,0.666666666666667,0.333333333333333,0,0,0,1,0,0,0,0,1,0,0,0,0,1,0,0,0,0,0.666666666666667,0.333333333333333
6,"E07000119",0,0,0,0,0,1,0,1,0,0,0,0,0,0,0,0,0,1,0,1,0,0,0,0,0,0,0,0,0,0,0,0,1,0,1,0,0,0,0,0,0,0,1,0,0,1,0,0,0,0.5,0.5,0,0,0,1,0,0,0,0,1,0,0,0,0,1,0,0,0,0,1,0
3,"E07000124",0,0,0.333333333333333,0.333333333333333,0,0.333333333333333,0,0.666666666666667,0,0,0,0,0,0.333333333333333,0,0,0.333333333333333,0.666666666666667,0,0.666666666666667,0,0,0.333333333333333,0,0,0,0,0,0,0,0,0.333333333333333,1,0,1,0,0,0,0,0.666666666666667,0.333333333333333,0,0,0,0,1,0,0,0,1,0,0,0,0,1,0,0,0,0,1,0,0,0,0,1,0,0,0.333333333333333,0,0.666666666666667,0
2,"E07000125",0,0,0.5,0.5,0,0,0,1,0,0,0,0,0,0,0,0,0,1,0,1,0,0,0,0,0,0,0,0,0,0,0,0,1,0,1,0,0,0,0,0.5,0.5,0,0,0,0,0.5,0.5,0,0,0.5,0.5,0,0,0,1,0,0,0,0,1,0,0,0,0,1,0,1,0,0,0,0
7,"E07000127",0,0,0.4,0.2,0,0.4,0,0.4,0,0,0.2,0.2,0,0.2,0.2,0,0.2,0.6,0,0.4,0.2,0,0.4,0,0,0,0,0,0,0,0,0.6,1,0,1,0,0,0,0,0.6,0.4,0,0,0,0,0.8,0.2,0,0,0.8,0.2,0,0,0,1,0,0,0,0,1,0,0,0,0.2,0.8,0,0,0.8,0,0.2,0
2,"E06000009",0,0,0.5,0.5,0,0,0,0,0,0,0.5,0,0,0.5,0,0,0,0.5,0.5,0,0,0,0.5,0,0.5,0,0,0,0,0.5,0,0.5,1,0,1,0,0,0,0,0,1,0,0,0,0,1,0,0,0,0.5,0.5,0,0,0,1,0,0,0,0,1,0,0,0,1,0,0,1,0,0,0,0
2,"E06000008",0,0,0.5,0,0,0.5,0,0,0,0,0,0,0,1,0,0,0,1,0,0,0,0,0,0,0,0,0.5,0.5,0,0,0,1,1,0,1,0,0,0,0,0.5,0.5,0,0,0,0,1,0,0,0,1,0,0,0,0,1,0,0,0,0,1,0,0,0,1,0,0,1,0,0,0,0
4,"E07000118",1,0,0,0,0,0,0,1,0,0,0,0,0,0,0,0,1,0,0,1,0,0,0,0,0,0,0,0,0,0,0,0,1,0,1,0,0,0,0,0.5,0.5,0,0,0,0,1,0,0,0,1,0,0,0,0,1,0,0,0,0,1,0,0,0,0,1,0,0,0,0,0,1
4,"E07000117",0.5,0,0.5,0,0,0,0,1,0,0,0,0,0,0,0,0,0,0.5,0.5,1,0,0,0,0,0,0,0,0,0,0,0,0,1,0,1,0,0,0,0,0,0,0.5,0.5,0,0,0.5,0.5,0,0,0.5,0.5,0,0,0,1,0,0,0,0,1,0,0,0,0.5,0.5,0,0,0.5,0,0,0.5
8,"E08000015",0.2,0,0,0.4,0,0.4,0,0.8,0,0,0,0,0,0.2,0,0,0.2,0.8,0,0.8,0,0,0,0,0,0,0.2,0,0,0,0,0.2,1,0,1,0,0,0,0,0.6,0.4,0,0,0,0,0.8,0,0.2,0,0.8,0,0.2,0,0,1,0,0,0,0,1,0,0,0,0.4,0.6,0,0.6,0,0.2,0,0.2
3,"E08000011",0.5,0,0.5,0,0,0,0,1,0,0,0,0,0,0,0,0,1,0,0,1,0,0,0,0,0,0,0,0,0,0,0,0,1,0,1,0,0,0,0,0,0.5,0,0.5,0,0,0.5,0.5,0,0,0.5,0.5,0,0,0,1,0,0,0,0,1,0,0,0,0.5,0.5,0,0.5,0,0,0,0.5
14,"E08000012",0,0,0.3,0.1,0,0.6,0,0.4,0,0,0.2,0,0,0.4,0,0,0.4,0.6,0,0.4,0.1,0,0.3,0,0.2,0,0,0,0,0.1,0,0.5,1,0,0.7,0.1,0.1,0,0.1,0.5,0.5,0,0,0,0,0.9,0.1,0,0,0.9,0.1,0,0,0,1,0,0,0,0,0.9,0,0,0.1,0.8,0.1,0.2,0.6,0.2,0,0,0
12,"E08000013",0.4,0,0.4,0.2,0,0,0,0.8,0,0,0,0,0,0.2,0,0,0.8,0.2,0,0.8,0,0,0.2,0,0,0,0,0,0,0,0,0.2,1,0,0.6,0,0,0,0.4,0.4,0.2,0.2,0.2,0,0,1,0,0,0,1,0,0,0,0,1,0,0,0,0,1,0,0,0,0.2,0.8,0,0,0.2,0,0.4,0.4
11,"E08000014",0,0,0.75,0.25,0,0,0,0.75,0,0,0,0,0,0.25,0,0,0.25,0.75,0,0.75,0,0,0,0,0.25,0,0,0,0,0.25,0,0,1,0,0.75,0,0.25,0,0,0.75,0.25,0,0,0,0.25,0.5,0.5,0,0,0.5,0.5,0,0,0,1,0,0,0,0,1,0,0,0,0.75,0.25,0,0.75,0.25,0,0,0
8,"E08000007",0.166666666666667,0,0.333333333333333,0.166666666666667,0,0.333333333333333,0,0.666666666666667,0,0,0,0,0,0.333333333333333,0,0,0.166666666666667,0.833333333333333,0,0.666666666666667,0,0,0.333333333333333,0,0,0,0,0,0,0.166666666666667,0,0.166666666666667,1,0,0.833333333333333,0,0.166666666666667,0,0,0.333333333333333,0.5,0.166666666666667,0,0,0,1,0,0,0,0.833333333333333,0,0,0,0,1,0,0,0,0,1,0,0,0,1,0,0,0.833333333333333,0,0,0,0.166666666666667
22,"E08000003",0.153846153846154,0,0.384615384615385,0,0,0.461538461538462,0,0.384615384615385,0,0,0,0,0,0.615384615384615,0,0,0.307692307692308,0.538461538461538,0.153846153846154,0.384615384615385,0,0,0.0769230769230769,0,0.384615384615385,0,0,0.153846153846154,0,0.307692307692308,0,0.230769230769231,1,0,0.692307692307692,0.230769230769231,0.0769230769230769,0,0,0.538461538461538,0.461538461538462,0,0,0,0,0.846153846153846,0,0,0.0769230769230769,0.769230769230769,0.230769230769231,0,0,0,1,0,0,0,0,1,0,0,0,0.923076923076923,0.0769230769230769,0.0769230769230769,0.769230769230769,0,0,0,0.153846153846154
13,"E08000008",0.0833333333333333,0,0.416666666666667,0.166666666666667,0,0.333333333333333,0,0.166666666666667,0,0,0.166666666666667,0,0,0.666666666666667,0,0,0.25,0.75,0,0.166666666666667,0,0,0.0833333333333333,0,0.583333333333333,0,0,0.166666666666667,0,0.5,0,0.166666666666667,0.833333333333333,0.0833333333333333,0.583333333333333,0.25,0.0833333333333333,0,0,0.416666666666667,0.416666666666667,0.0833333333333333,0.0833333333333333,0,0,0.75,0.25,0,0,0.5,0.416666666666667,0,0,0,0.916666666666667,0,0,0,0,0.833333333333333,0.0833333333333333,0,0,1,0,0,0.916666666666667,0,0,0,0.0833333333333333
6,"E08000004",0,0,0.8,0,0,0.2,0,0.2,0,0,0.2,0.2,0,0.4,0,0,0.2,0.8,0,0.2,0,0,0.4,0,0.2,0.2,0,0,0,0.4,0,0.4,1,0,0.6,0.4,0,0,0,0.4,0.6,0,0,0,0,0.8,0.2,0,0,0.6,0.4,0,0,0,1,0,0,0,0,1,0,0,0,0.8,0.2,0,0.6,0.4,0,0,0
16,"E08000001",0,0,0.5,0,0,0.5,0,0.375,0.125,0,0.25,0,0,0.25,0,0,0.125,0.875,0,0.5,0,0,0.125,0,0.25,0,0.125,0,0,0.25,0,0.25,1,0,0.75,0.125,0.125,0,0,0.5,0.5,0,0,0,0,0.875,0.125,0,0,0.875,0.125,0,0,0,1,0,0,0,0,1,0,0,0,0.625,0.375,0,0.75,0,0.25,0,0
10,"E08000002",0.428571428571429,0,0.428571428571429,0.142857142857143,0,0,0,0.857142857142857,0.142857142857143,0,0,0,0,0,0.142857142857143,0,0.428571428571429,0.428571428571429,0,0.857142857142857,0.142857142857143,0,0,0,0,0,0,0,0,0.142857142857143,0,0,1,0,1,0,0,0,0,0.571428571428571,0.428571428571429,0,0,0,0,0.857142857142857,0.142857142857143,0,0,0.571428571428571,0.428571428571429,0,0,0,1,0,0,0,0,1,0,0,0,0.714285714285714,0.285714285714286,0,0.571428571428571,0,0,0,0.428571428571429
6,"E08000009",0.4,0,0.2,0.2,0,0.2,0,0.8,0,0,0,0,0,0.2,0,0,0.6,0.4,0,0.8,0,0,0.2,0,0,0,0,0,0,0,0,0.2,1,0,0.8,0,0,0.2,0,0.4,0.6,0,0,0,0,1,0,0,0,1,0,0,0,0,1,0,0,0,0,1,0,0,0,1,0,0,0.4,0.2,0,0,0.4
5,"E08000010",0,0,0.25,0,0,0.75,0,0.75,0,0,0,0,0,0.25,0,0,0,1,0,0.75,0,0,0,0,0,0,0,0.25,0,0,0,0.25,1,0,0.75,0,0,0,0.25,0.5,0.5,0,0,0,0.25,1,0,0,0,1,0,0,0,0,1,0,0,0,0,0.75,0.25,0,0,1,0,0.25,0.75,0,0,0,0
6,"E08000006",0.25,0,0.75,0,0,0,0,0.25,0.25,0,0.25,0.25,0,0,0.25,0,0.5,0.25,0,0.25,0.25,0,0.25,0,0.25,0,0,0,0,0.5,0,0.25,1,0,0.75,0.25,0,0,0,0.25,0.75,0,0,0,0,0.75,0.25,0,0,0.75,0.25,0,0,0,1,0,0,0,0,1,0,0,0,0.75,0.25,0,0.25,0,0.25,0,0.5
5,"E08000005",0,0,1,0,0,0,0,0.25,0,0,0,0,0,0.75,0,0,0.25,0.75,0,0.25,0,0,0.75,0,0,0,0,0,0,0,0,0.75,1,0,0.75,0,0,0,0.25,0.5,0.5,0,0,0,0,0.75,0.25,0,0,0.5,0.5,0,0,0,0.75,0,0.25,0,0,1,0,0,0,1,0,0,1,0,0,0,0
8,"E06000050",0,0,0.8,0,0.2,0,0,1,0,0,0,0,0,0,0,0,0,1,0,1,0,0,0,0,0,0,0,0,0,0,0,0,1,0,1,0,0,0,0,0.4,0,0,0.6,0,0.2,0.8,0.2,0,0,0.4,0.4,0,0.2,0,1,0,0,0,0,1,0,0,0,0,1,0,0,0.2,0.2,0.6,0
26,"E06000049",0.266666666666667,0,0.533333333333333,0.0666666666666667,0.0666666666666667,0.0666666666666667,0,0.666666666666667,0,0,0,0,0.0666666666666667,0.266666666666667,0,0,0.4,0.6,0,0.666666666666667,0,0,0.266666666666667,0,0.0666666666666667,0,0,0,0,0.0666666666666667,0,0.266666666666667,1,0,0.866666666666667,0.133333333333333,0,0,0,0.6,0.266666666666667,0,0.133333333333333,0,0,0.933333333333333,0.0666666666666667,0,0,0.933333333333333,0.0666666666666667,0,0,0,1,0,0,0,0,1,0,0,0,0.466666666666667,0.533333333333333,0,0.333333333333333,0.133333333333333,0,0.2,0.333333333333333
4,"E06000007",0.25,0,0,0,0.25,0.5,0,0.5,0,0,0,0,0.25,0.25,0,0,0.25,0.75,0,0.5,0,0,0.5,0,0,0,0,0,0,0,0,0.5,1,0,1,0,0,0,0,0.75,0.25,0,0,0,0,1,0,0,0,1,0,0,0,0,1,0,0,0,0,1,0,0,0,0.5,0.5,0,0.5,0.25,0,0,0.25
2,"E06000006",0,0,0.5,0,0,0.5,0,1,0,0,0,0,0,0,0,0,0,1,0,1,0,0,0,0,0,0,0,0,0,0,0,0,1,0,1,0,0,0,0,0.5,0.5,0,0,0,0,0.5,0.5,0,0,0.5,0.5,0,0,0,1,0,0,0,0,1,0,0,0,0,1,0.5,0.5,0,0,0,0
3,"E08000022",0,0,0.333333333333333,0.333333333333333,0,0.333333333333333,0,0.666666666666667,0,0,0.333333333333333,0,0,0,0.666666666666667,0,0,0.333333333333333,0,0.666666666666667,0.333333333333333,0,0,0,0,0,0,0,0,0,0,0.333333333333333,1,0,0.333333333333333,0.333333333333333,0,0,0.333333333333333,1,0,0,0,0,0,1,0,0,0,0.666666666666667,0.333333333333333,0,0,0,1,0,0,0,0,1,0,0,0,1,0,0,0.666666666666667,0,0.333333333333333,0,0
29,"E06000058",0,0,0.625,0.25,0,0.125,0,0.625,0,0,0.0625,0.0625,0,0.25,0,0,0.1875,0.8125,0,0.625,0.0625,0,0.125,0,0.0625,0,0.0625,0.0625,0,0.125,0,0.25,1,0,0.9375,0,0.0625,0,0,0.625,0.3125,0,0.0625,0,0,0.8125,0.1875,0,0,0.8125,0.1875,0,0,0,0.9375,0,0.0625,0,0,1,0,0,0,0.375,0.625,0,0.5,0,0.1875,0.3125,0
5,"E08000037",0,0,0,0.5,0,0.5,0,0.75,0,0,0,0,0,0.25,0,0,0,1,0,0.75,0,0,0.25,0,0,0,0,0,0,0,0,0.25,1,0,0.5,0,0,0,0.5,0.5,0.5,0,0,0,0.25,1,0,0,0,0.75,0.25,0,0,0,1,0,0,0,0,1,0,0,0,0.75,0.25,0.25,0.5,0.25,0,0,0
1,"E08000023",0,0,1,0,0,0,0,1,0,0,0,0,0,0,0,0,1,0,0,1,0,0,0,0,0,0,0,0,0,0,0,0,1,0,1,0,0,0,0,0,1,0,0,0,0,1,0,0,0,1,0,0,0,0,1,0,0,0,0,1,0,0,0,0,1,0,0,0,0,0,1
9,"E08000024",0,0,0.6,0,0,0.4,0,0.6,0,0,0,0,0,0.4,0,0,0.2,0.8,0,0.6,0,0,0.2,0,0,0,0,0.2,0,0,0,0.4,1,0,0.8,0.2,0,0,0,0.4,0.2,0.2,0.2,0,0,1,0,0,0,0.8,0.2,0,0,0,1,0,0,0,0,1,0,0,0,0.6,0.4,0,0.8,0,0.2,0,0
5,"E08000021",0,0,1,0,0,0,0,0.5,0,0,0,0,0,0.5,0,0,1,0,0,0.5,0,0,0,0,0,0,0,0.5,0,0.5,0,0,1,0,0.5,0.5,0,0,0,0.5,0.5,0,0,0,0,1,0,0,0,1,0,0,0,0,1,0,0,0,0,1,0,0,0,0.5,0.5,0,0.5,0,0,0,0.5
28,"E06000047",0,0.0909090909090909,0.363636363636364,0.272727272727273,0,0.272727272727273,0,0.727272727272727,0,0,0,0,0,0.272727272727273,0,0,0.181818181818182,0.818181818181818,0,0.727272727272727,0,0,0.272727272727273,0,0,0,0,0,0,0,0,0.272727272727273,1,0,1,0,0,0,0,0.727272727272727,0.0909090909090909,0,0.181818181818182,0,0,0.909090909090909,0.0909090909090909,0,0,0.818181818181818,0.181818181818182,0,0,0,0.909090909090909,0,0.0909090909090909,0,0,1,0,0,0,0.181818181818182,0.818181818181818,0,0.181818181818182,0.0909090909090909,0,0.545454545454545,0.181818181818182
5,"E06000014",0,0,0.5,0.25,0,0.25,0,0.75,0,0,0,0,0,0.25,0,0,0.25,0.75,0,0.75,0,0,0.25,0,0,0,0,0,0,0,0,0.25,1,0,1,0,0,0,0,0.25,0,0,0.75,0,0,0.75,0,0,0,0.25,0.5,0,0.25,0,1,0,0,0,0,1,0,0,0,0,1,0,0,0.25,0,0.5,0.25
5,"E07000166",0,0,0.75,0,0,0.25,0,0.75,0,0,0,0,0,0.25,0,0,0.25,0.75,0,1,0,0,0,0,0,0,0,0,0,0,0,0,1,0,1,0,0,0,0,0.5,0,0.25,0.25,0,0,0.75,0.25,0,0,0.25,0.5,0,0.25,0,1,0,0,0,0,1,0,0,0,0,1,0,0.25,0,0,0.5,0.25
6,"E07000163",0,0,0.333333333333333,0.333333333333333,0,0.333333333333333,0,1,0,0,0,0,0,0,0,0,0,1,0,1,0,0,0,0,0,0,0,0,0,0,0,0,1,0,1,0,0,0,0,0.666666666666667,0,0,0.333333333333333,0,0,0.666666666666667,0.333333333333333,0,0,0.666666666666667,0.333333333333333,0,0,0,1,0,0,0,0,1,0,0,0,0,1,0,0,0,0,1,0
11,"E07000164",0,0,1,0,0,0,0,0.4,0,0,0,0,0.2,0.4,0,0,0.2,0.8,0,0.6,0,0,0,0,0,0,0.2,0.2,0,0,0,0.4,1,0,1,0,0,0,0,0.6,0,0,0.4,0,0.2,0.8,0.2,0,0,0.8,0.2,0,0,0,1,0,0,0,0,1,0,0,0,0,1,0,0,0,0,0.8,0.2
5,"E07000168",0,0,0.666666666666667,0,0,0.333333333333333,0,0.666666666666667,0,0,0,0,0,0.333333333333333,0,0,0,1,0,0.666666666666667,0,0,0.333333333333333,0,0,0,0,0,0,0,0,0.333333333333333,1,0,1,0,0,0,0,1,0,0,0,0,0,1,0,0,0,1,0,0,0,0,1,0,0,0,0,1,0,0,0,0.666666666666667,0.333333333333333,0,0.666666666666667,0,0,0.333333333333333,0
11,"E07000165",0,0,0.5,0.166666666666667,0,0.333333333333333,0,0.5,0,0,0,0,0,0.5,0,0,0,0.833333333333333,0.166666666666667,0.5,0,0,0,0,0.166666666666667,0,0.333333333333333,0,0,0.166666666666667,0,0.333333333333333,1,0,0.833333333333333,0.166666666666667,0,0,0,0.833333333333333,0.166666666666667,0,0,0,0,0.833333333333333,0,0,0.166666666666667,0.833333333333333,0.166666666666667,0,0,0,1,0,0,0,0,1,0,0,0,0.333333333333333,0.666666666666667,0,0.333333333333333,0,0,0.666666666666667,0
11,"E07000169",0,0,0.6,0.4,0,0,0,0.6,0,0,0,0,0,0.4,0,0,0.2,0.8,0,0.6,0,0,0,0,0.2,0,0,0.2,0,0,0,0.4,1,0,1,0,0,0,0,0.6,0,0,0.4,0,0.4,0.8,0,0,0.2,0.6,0.4,0,0,0,1,0,0,0,0,1,0,0,0,0,1,0,0,0,0,0.8,0.2
15,"E07000167",0,0,0.6,0,0,0.4,0,0.8,0,0,0,0,0,0.2,0,0,0.2,0.8,0,1,0,0,0,0,0,0,0,0,0,0,0,0,1,0,0.8,0,0.2,0,0,0.6,0,0,0.4,0,0,0.8,0,0,0,0.8,0,0,0,0,0.8,0,0,0,0,0.6,0.2,0,0,0,1,0,0,0,0,0.8,0.2
27,"E08000035",0,0.0526315789473684,0.421052631578947,0.0526315789473684,0,0.473684210526316,0,0.578947368421053,0,0,0,0,0,0.421052631578947,0.0526315789473684,0,0.315789473684211,0.578947368421053,0.0526315789473684,0.578947368421053,0.0526315789473684,0.0526315789473684,0.263157894736842,0,0.0526315789473684,0,0,0,0,0.210526315789474,0,0.210526315789474,1,0,0.684210526315789,0.157894736842105,0.157894736842105,0,0,0.421052631578947,0.473684210526316,0,0.105263157894737,0,0,0.789473684210526,0.157894736842105,0,0.0526315789473684,0.473684210526316,0.526315789473684,0,0,0,1,0,0,0,0,0.947368421052632,0.0526315789473684,0,0,0.631578947368421,0.368421052631579,0.0526315789473684,0.421052631578947,0.210526315789474,0,0.263157894736842,0.0526315789473684
20,"E08000032",0,0,0.272727272727273,0.181818181818182,0,0.545454545454545,0,0.272727272727273,0,0,0,0,0,0.727272727272727,0,0,0.0909090909090909,0.909090909090909,0,0.272727272727273,0,0,0.363636363636364,0,0,0,0.0909090909090909,0.272727272727273,0,0,0,0.727272727272727,1,0,1,0,0,0,0,0.636363636363636,0.181818181818182,0.0909090909090909,0.0909090909090909,0,0,0.909090909090909,0.0909090909090909,0,0,0.818181818181818,0.181818181818182,0,0,0,1,0,0,0,0,1,0,0,0,0.636363636363636,0.363636363636364,0.0909090909090909,0.545454545454545,0.0909090909090909,0.0909090909090909,0.181818181818182,0
7,"E08000036",0,0,0.2,0.2,0,0.6,0,0.6,0,0,0,0,0,0.4,0,0,0,1,0,0.6,0,0,0.2,0,0,0,0,0.2,0,0,0,0.4,1,0,1,0,0,0,0,0.8,0.2,0,0,0,0,1,0,0,0,0.6,0.4,0,0,0,1,0,0,0,0,1,0,0,0,0.6,0.4,0,0.6,0,0.2,0.2,0
5,"E08000034",0,0,0.4,0.2,0,0.4,0,0.2,0,0,0.2,0,0,0.6,0,0,0,1,0,0.2,0,0,0.4,0,0,0,0.2,0.2,0,0.2,0,0.6,0.8,0.2,1,0,0,0,0,0.6,0.4,0,0,0,0,0.8,0.2,0,0,0.6,0.4,0,0,0,1,0,0,0,0,1,0,0,0,0.8,0.2,0,0.6,0.4,0,0,0
7,"E08000033",0.25,0,0.5,0,0,0.25,0,0.5,0,0,0,0,0,0.5,0,0,0.25,0.75,0,0.5,0,0,0,0,0.25,0.25,0,0,0,0.25,0,0.25,1,0,0.75,0,0,0,0.25,0.5,0.25,0.25,0,0,0,1,0,0,0,0.75,0.25,0,0,0,1,0,0,0,0,1,0,0,0,0.75,0.25,0,0.25,0.5,0,0,0.25
18,"E08000019",0,0,0.25,0.25,0,0.5,0,0.583333333333333,0,0,0,0,0,0.416666666666667,0,0,0.25,0.75,0,0.583333333333333,0,0,0.25,0,0.166666666666667,0,0,0,0,0,0,0.416666666666667,0.916666666666667,0.0833333333333333,0.833333333333333,0.0833333333333333,0.0833333333333333,0,0,0.583333333333333,0.416666666666667,0,0,0,0,0.833333333333333,0.166666666666667,0,0,0.666666666666667,0.333333333333333,0,0,0,1,0,0,0,0,0.916666666666667,0,0,0.0833333333333333,0.833333333333333,0.166666666666667,0.0833333333333333,0.583333333333333,0.166666666666667,0,0.166666666666667,0
13,"E08000017",0.142857142857143,0,0.428571428571429,0.142857142857143,0,0.285714285714286,0,0.571428571428571,0,0,0,0,0,0.428571428571429,0,0,0.428571428571429,0.571428571428571,0,0.571428571428571,0,0,0.285714285714286,0,0,0,0,0.142857142857143,0,0,0,0.428571428571429,1,0,0.714285714285714,0,0.142857142857143,0,0.142857142857143,0.571428571428571,0.428571428571429,0,0,0,0,0.857142857142857,0.142857142857143,0,0,0.714285714285714,0.285714285714286,0,0,0,1,0,0,0,0,1,0,0,0,0.571428571428571,0.428571428571429,0,0.142857142857143,0.571428571428571,0,0.142857142857143,0.142857142857143
18,"E08000018",0.1,0,0.3,0,0,0.6,0,0.7,0,0,0.1,0,0,0.2,0,0,0.2,0.8,0,0.7,0,0,0.2,0,0,0,0,0.1,0,0,0,0.3,1,0,0.9,0,0,0,0.1,0.5,0.1,0,0.2,0.2,0.1,0.8,0.1,0,0.1,0.6,0.4,0,0,0,0.9,0,0.1,0,0,0.9,0.1,0,0,0.3,0.7,0,0.3,0.1,0.1,0.4,0.1
11,"E08000016",0,0,0.4,0,0,0.6,0,0.6,0,0,0,0,0,0.4,0,0,0,1,0,0.6,0,0,0.2,0,0.2,0,0,0,0,0,0,0.4,1,0,1,0,0,0,0,0.6,0,0,0.2,0.2,0.2,0.8,0.2,0,0,0.4,0.6,0,0,0,0.8,0,0.2,0,0,1,0,0,0,0.2,0.8,0,0.4,0,0,0.6,0
36,"E06000011",0,0,0.529411764705882,0.176470588235294,0,0.294117647058824,0,0.882352941176471,0,0,0,0.0588235294117647,0,0.0588235294117647,0,0,0.176470588235294,0.823529411764706,0,0.882352941176471,0,0,0.117647058823529,0,0,0,0,0,0,0,0,0.117647058823529,1,0,0.941176470588235,0,0,0,0.0588235294117647,0.470588235294118,0.235294117647059,0.0588235294117647,0.176470588235294,0.0588235294117647,0,0.764705882352941,0.176470588235294,0,0,0.588235294117647,0.411764705882353,0,0,0,1,0,0,0,0,1,0,0,0,0.235294117647059,0.764705882352941,0,0.352941176470588,0.0588235294117647,0.117647058823529,0.352941176470588,0.117647058823529
10,"E06000013",0,0,0.142857142857143,0.571428571428571,0,0.285714285714286,0,0.857142857142857,0,0,0,0,0,0.142857142857143,0,0,0,1,0,0.857142857142857,0,0,0,0,0.142857142857143,0,0,0,0,0,0,0.142857142857143,1,0,1,0,0,0,0,0.428571428571429,0.285714285714286,0,0.285714285714286,0,0,0.714285714285714,0.285714285714286,0,0,0.571428571428571,0.428571428571429,0,0,0,1,0,0,0,0,1,0,0,0,0.142857142857143,0.857142857142857,0,0.428571428571429,0,0,0.571428571428571,0
9,"E06000010",0,0,0.5,0,0,0.5,0,0.5,0,0,0,0,0,0.5,0,0,0.375,0.5,0.125,0.5,0,0,0.125,0,0.375,0,0,0,0,0.125,0,0.375,1,0,0.625,0.125,0.125,0,0.125,0.5,0.375,0,0.125,0,0,1,0,0,0,0.75,0.25,0,0,0,0.875,0,0.125,0,0,1,0,0,0,1,0,0,0.625,0.375,0,0,0
1,"E06000012",0,0,0,1,0,0,0,1,0,0,0,0,0,0,0,0,0,1,0,1,0,0,0,0,0,0,0,0,0,0,0,0,1,0,1,0,0,0,0,0,0,0,1,0,0,0,0,0,1,1,0,0,0,0,1,0,0,0,0,1,0,0,0,0,1,0,0,0,0,1,0
3,"E06000001",0,0,1,0,0,0,0,1,0,0,0,0,0,0,0,0,0.5,0.5,0,1,0,0,0,0,0,0,0,0,0,0,0,0,1,0,1,0,0,0,0,1,0,0,0,0,0,1,0,0,0,1,0,0,0,0,1,0,0,0,0,1,0,0,0,0,1,0,0,0,0.5,0,0.5
3,"E06000003",0,0,0.5,0,0.5,0,0,0,0,0,0,0,0,1,0,0,0,1,0,0,0,0,1,0,0,0,0,0,0,0,0,1,1,0,1,0,0,0,0,0.5,0.5,0,0,0,0,0.5,0,0.5,0,0.5,0,0.5,0,0,1,0,0,0,0,1,0,0,0,0.5,0.5,0,0.5,0,0,0.5,0
1,"E06000002",0,0,1,0,0,0,0,0,0,0,0,0,0,1,0,0,0,1,0,0,0,0,0,0,1,0,0,0,0,1,0,0,1,0,0,0,1,0,0,1,0,0,0,0,0,1,0,0,0,1,0,0,0,0,1,0,0,0,0,1,0,0,0,1,0,0,1,0,0,0,0
9,"E06000004",0,0,0.75,0,0.25,0,0,1,0,0,0,0,0,0,0,0,0,1,0,1,0,0,0,0,0,0,0,0,0,0,0,0,1,0,0.75,0.25,0,0,0,0.5,0.25,0,0.25,0,0,1,0,0,0,1,0,0,0,0,0.75,0,0.25,0,0,1,0,0,0,0.25,0.75,0,0.25,0,0.75,0,0
40,"E08000025",0,0,0.615384615384615,0.115384615384615,0,0.269230769230769,0,0.615384615384615,0,0,0.0384615384615385,0,0,0.346153846153846,0,0,0.384615384615385,0.615384615384615,0,0.615384615384615,0,0,0.192307692307692,0,0.153846153846154,0,0,0.0384615384615385,0,0.153846153846154,0,0.230769230769231,1,0,0.461538461538462,0.230769230769231,0.192307692307692,0,0.115384615384615,0.346153846153846,0.576923076923077,0,0.0384615384615385,0.0384615384615385,0.0384615384615385,0.807692307692308,0.0769230769230769,0,0,0.769230769230769,0.230769230769231,0,0,0,1,0,0,0,0,1,0,0,0,0.961538461538462,0.0384615384615385,0.153846153846154,0.730769230769231,0.115384615384615,0,0,0
3,"E08000028",0,0,0.5,0,0,0.5,0,0.5,0,0,0,0,0,0.5,0,0,0.5,0.5,0,0.5,0,0,0,0,0,0,0.5,0,0,0,0,0.5,1,0,1,0,0,0,0,0.5,0.5,0,0,0,0,1,0,0,0,1,0,0,0,0,1,0,0,0,0,1,0,0,0,1,0,0,1,0,0,0,0
4,"E08000029",0,0,0.333333333333333,0.333333333333333,0,0.333333333333333,0,0.666666666666667,0,0,0,0,0,0.333333333333333,0,0,0,1,0,0.666666666666667,0,0,0,0,0,0,0.333333333333333,0,0,0,0,0.333333333333333,1,0,1,0,0,0,0,0.666666666666667,0,0,0,0.333333333333333,0.333333333333333,0.666666666666667,0.333333333333333,0,0,0.666666666666667,0.333333333333333,0,0,0,0.666666666666667,0,0.333333333333333,0,0,1,0,0,0,0.333333333333333,0.666666666666667,0,1,0,0,0,0
19,"E08000030",0,0,0.4,0.6,0,0,0,0.4,0,0,0.2,0,0,0.4,0,0,0,1,0,0.4,0,0,0.4,0,0.2,0,0,0,0,0.4,0,0.2,1,0,0.2,0.4,0,0,0.4,0.6,0.4,0,0,0,0,1,0,0,0,1,0,0,0,0,0.8,0,0.2,0,0,1,0,0,0,1,0,0,1,0,0,0,0
4,"E08000031",0,0,0.666666666666667,0,0,0.333333333333333,0,1,0,0,0,0,0,0,0,0,0.333333333333333,0.666666666666667,0,1,0,0,0,0,0,0,0,0,0,0,0,0,1,0,1,0,0,0,0,0.333333333333333,0.666666666666667,0,0,0,0,0.666666666666667,0.333333333333333,0,0,0.666666666666667,0.333333333333333,0,0,0,1,0,0,0,0,1,0,0,0,1,0,0,0.666666666666667,0,0.333333333333333,0,0
8,"E08000027",0,0,0.833333333333333,0,0,0.166666666666667,0,0.5,0,0,0,0.166666666666667,0,0.333333333333333,0,0,0.5,0.5,0,0.5,0,0,0.333333333333333,0,0.166666666666667,0,0,0,0,0.166666666666667,0,0.333333333333333,1,0,0.833333333333333,0,0,0,0.166666666666667,0.5,0.5,0,0,0,0,0.833333333333333,0,0,0,1,0,0,0,0,1,0,0,0,0,1,0,0,0,1,0,0,1,0,0,0,0
9,"E08000026",0,0,0.5,0,0,0.5,0,0.5,0,0,0.25,0,0,0.25,0,0,0.25,0.5,0.25,0.5,0,0,0.25,0.25,0,0,0,0,0,0,0,0.5,1,0,0.75,0,0,0,0.25,0,0.75,0,0.25,0,0,0.75,0,0,0,0.75,0.25,0,0,0,0.75,0,0.25,0,0,1,0,0,0,0.75,0.25,0,0.5,0.25,0.25,0,0
6,"E07000196",0.333333333333333,0,0.333333333333333,0,0,0.333333333333333,0,1,0,0,0,0,0,0,0,0,0.333333333333333,0.666666666666667,0,1,0,0,0,0,0,0,0,0,0,0,0,0,1,0,1,0,0,0,0,0.333333333333333,0.666666666666667,0,0,0,0,1,0,0,0,0.666666666666667,0.333333333333333,0,0,0,1,0,0,0,0,1,0,0,0,0.333333333333333,0.666666666666667,0,0,0.333333333333333,0,0.333333333333333,0.333333333333333
2,"E07000194",0,0,1,0,0,0,0,0.5,0,0,0,0,0,0.5,0,0,1,0,0,0.5,0,0,0,0,0.5,0,0,0,0,0,0,0.5,1,0,1,0,0,0,0,0.5,0,0,0.5,0,0,1,0,0,0,0.5,0.5,0,0,0,1,0,0,0,0,1,0,0,0,0.5,0.5,0,0,0.5,0,0,0.5
2,"E07000192",0,0,0,0,0,1,0,1,0,0,0,0,0,0,0,0,0,1,0,1,0,0,0,0,0,0,0,0,0,0,0,0,1,0,1,0,0,0,0,0.5,0,0,0.5,0,0,1,0,0,0,1,0,0,0,0,1,0,0,0,0,1,0,0,0,0.5,0.5,0,0.5,0,0,0.5,0
8,"E07000198",0,0,1,0,0,0,0,0.666666666666667,0,0,0,0,0,0.333333333333333,0,0,0.333333333333333,0.666666666666667,0,0.666666666666667,0,0,0.333333333333333,0,0,0,0,0,0,0,0,0.333333333333333,1,0,1,0,0,0,0,0.666666666666667,0.333333333333333,0,0,0,0,1,0,0,0,1,0,0,0,0,1,0,0,0,0,1,0,0,0,0,1,0,0,0.333333333333333,0,0.333333333333333,0.333333333333333
3,"E07000195",0,0,0.666666666666667,0,0,0.333333333333333,0,0.666666666666667,0,0,0,0,0,0.333333333333333,0,0,0.333333333333333,0.666666666666667,0,0.666666666666667,0,0,0,0,0.333333333333333,0,0,0,0,0,0,0.333333333333333,1,0,1,0,0,0,0,0.666666666666667,0.333333333333333,0,0,0,0,0.666666666666667,0.333333333333333,0,0,0.333333333333333,0.666666666666667,0,0,0,1,0,0,0,0,1,0,0,0,0.333333333333333,0.666666666666667,0,0.333333333333333,0,0.333333333333333,0,0.333333333333333
6,"E06000021",0,0,0.666666666666667,0.333333333333333,0,0,0,0.666666666666667,0,0,0,0,0,0.333333333333333,0,0,0,1,0,0.666666666666667,0,0,0,0,0,0,0,0.333333333333333,0,0,0,0.333333333333333,1,0,1,0,0,0,0,0.666666666666667,0.333333333333333,0,0,0,0,1,0,0,0,0.666666666666667,0.333333333333333,0,0,0,1,0,0,0,0,1,0,0,0,0.666666666666667,0.333333333333333,0,0.666666666666667,0.333333333333333,0,0,0
6,"E07000197",0,0,1,0,0,0,0,0.5,0,0,0,0,0,0.5,0,0,0,1,0,0.5,0,0,0.25,0,0.25,0,0,0,0,0,0.25,0.25,1,0,0.75,0.25,0,0,0,0.5,0,0,0.5,0,0,1,0,0,0,0.75,0.25,0,0,0,1,0,0,0,0,1,0,0,0,0.25,0.75,0,0.25,0.25,0,0.5,0
2,"E07000193",0,0,0,1,0,0,0,1,0,0,0,0,0,0,0,0,0,1,0,1,0,0,0,0,0,0,0,0,0,0,0,0,1,0,1,0,0,0,0,1,0,0,0,0,0,1,0,0,0,0,1,0,0,0,1,0,0,0,0,1,0,0,0,0,1,0,0,0,0,1,0
6,"E07000239",0,0,0.6,0,0,0.4,0,0.8,0,0,0,0,0,0.2,0,0,0.2,0.8,0,0.8,0,0,0,0,0,0,0,0.2,0,0,0,0.2,1,0,1,0,0,0,0,0.8,0,0,0.2,0,0,0.8,0.2,0,0,0.8,0.2,0,0,0,1,0,0,0,0,1,0,0,0,0.2,0.8,0,0.2,0,0.2,0.6,0
9,"E07000234",0.25,0,0.25,0,0,0.5,0,0.5,0,0,0,0,0,0.5,0,0,0.5,0.5,0,0.5,0,0,0.25,0,0,0,0,0.25,0,0,0,0.5,1,0,1,0,0,0,0,0.75,0,0,0.25,0,0,0.75,0.25,0,0,0.75,0,0,0,0.25,1,0,0,0,0,1,0,0,0,0,1,0,0.25,0,0.25,0,0.5
26,"E06000051",0,0,0.733333333333333,0.2,0,0.0666666666666667,0,0.666666666666667,0,0,0.0666666666666667,0.133333333333333,0,0.133333333333333,0.0666666666666667,0,0.0666666666666667,0.866666666666667,0,0.666666666666667,0.0666666666666667,0,0.133333333333333,0,0.133333333333333,0,0,0,0,0.0666666666666667,0,0.266666666666667,1,0,0.866666666666667,0,0.0666666666666667,0,0.0666666666666667,0.666666666666667,0.133333333333333,0,0.2,0,0,1,0,0,0,0.733333333333333,0.266666666666667,0,0,0,1,0,0,0,0,1,0,0,0,0.0666666666666667,0.933333333333333,0,0.2,0,0,0.8,0
3,"E07000236",0,0,1,0,0,0,0,1,0,0,0,0,0,0,0,0,1,0,0,1,0,0,0,0,0,0,0,0,0,0,0,0,1,0,1,0,0,0,0,0.5,0.5,0,0,0,0,1,0,0,0,1,0,0,0,0,1,0,0,0,0,1,0,0,0,0,1,0,0,0,0,0,1
14,"E06000019",0,0,0.571428571428571,0.428571428571429,0,0,0,0.428571428571429,0,0,0,0.142857142857143,0,0.428571428571429,0,0,0,1,0,0.428571428571429,0,0,0.428571428571429,0,0.142857142857143,0,0,0,0,0,0,0.571428571428571,1,0,1,0,0,0,0,1,0,0,0,0,0,1,0,0,0,1,0,0,0,0,1,0,0,0,0,0.857142857142857,0.142857142857143,0,0,0,1,0,0,0,0,1,0
1,"E06000020",0,0,0,1,0,0,0,1,0,0,0,0,0,0,0,0,0,1,0,1,0,0,0,0,0,0,0,0,0,0,0,0,1,0,0,0,0,0,1,1,0,0,0,0,0,1,0,0,0,1,0,0,0,0,1,0,0,0,0,1,0,0,0,1,0,0,0,1,0,0,0
8,"E07000238",0,0,0.75,0.125,0,0.125,0,0.5,0,0,0,0,0,0.5,0,0,0,1,0,0.5,0,0,0.5,0,0,0,0,0,0,0,0,0.5,1,0,1,0,0,0,0,0.75,0,0,0.25,0,0,0.75,0.25,0,0,0.75,0.25,0,0,0,1,0,0,0,0,1,0,0,0,0,1,0,0.125,0.25,0,0.625,0
1,"E07000237",0,0,1,0,0,0,0,0,0,0,1,0,0,0,0,0,0,1,0,0,0,0,1,0,0,0,0,0,0,1,0,0,1,0,0,0,1,0,0,0,1,0,0,0,0,1,0,0,0,1,0,0,0,0,1,0,0,0,0,1,0,0,0,1,0,0,1,0,0,0,0
12,"E07000221",0,0,0.5,0.5,0,0,0,0.833333333333333,0,0,0,0,0,0.166666666666667,0,0,0.166666666666667,0.833333333333333,0,0.833333333333333,0,0,0.166666666666667,0,0,0,0,0,0,0,0,0.166666666666667,1,0,1,0,0,0,0,0.666666666666667,0,0,0.333333333333333,0,0,0.833333333333333,0.166666666666667,0,0,0.5,0.5,0,0,0,1,0,0,0,0,1,0,0,0,0,1,0,0,0,0.333333333333333,0.5,0.166666666666667
5,"E07000219",0,0,0.333333333333333,0.333333333333333,0,0.333333333333333,0,0.333333333333333,0,0,0.333333333333333,0,0,0.333333333333333,0,0,0,1,0,0.333333333333333,0.333333333333333,0,0.333333333333333,0,0,0,0,0,0,0,0,0.666666666666667,1,0,0.666666666666667,0.333333333333333,0,0,0,0.666666666666667,0.333333333333333,0,0,0,0,1,0,0,0,1,0,0,0,0,1,0,0,0,0,1,0,0,0,1,0,0,1,0,0,0,0
3,"E07000218",0,0,1,0,0,0,0,1,0,0,0,0,0,0,0,0,0.666666666666667,0.333333333333333,0,1,0,0,0,0,0,0,0,0,0,0,0,0,1,0,1,0,0,0,0,0.333333333333333,0,0,0.666666666666667,0,0,0.666666666666667,0.333333333333333,0,0,0.333333333333333,0.666666666666667,0,0,0,1,0,0,0,0,1,0,0,0,0,1,0,0,0,0.333333333333333,0,0.666666666666667
1,"E07000220",0,0,0,0,0,1,0,0,0,0,0,1,0,0,0,0,0,1,0,0,0,0,0,0,1,0,0,0,0,0,0,1,1,0,1,0,0,0,0,1,0,0,0,0,0,1,0,0,0,1,0,0,0,0,1,0,0,0,0,1,0,0,0,0,1,0,0,0,1,0,0
4,"E07000222",0,0,0.5,0.5,0,0,0,0,0,0,0,0.5,0,0.5,0,0,0,1,0,0,0,0,1,0,0,0,0,0,0,0,0,1,1,0,1,0,0,0,0,0.5,0.5,0,0,0,0,1,0,0,0,0.5,0.5,0,0,0,1,0,0,0,0,1,0,0,0,0.5,0.5,0,0.5,0,0.5,0,0
4,"E07000034",0,0,0.25,0,0,0.75,0,0.5,0,0,0,0,0,0.5,0,0,0,1,0,0.5,0,0,0,0,0.25,0,0,0.25,0,0,0,0.5,1,0,0.75,0.25,0,0,0,0.75,0.25,0,0,0,0,0.75,0,0.25,0,0.5,0.5,0,0,0,1,0,0,0,0,1,0,0,0,1,0,0,1,0,0,0,0
10,"E07000039",0,0,0.8,0,0.2,0,0,0.6,0,0,0.2,0,0,0.2,0,0,0.4,0.6,0,0.6,0,0,0.2,0.2,0,0,0,0,0,0,0,0.2,0.8,0,0.8,0,0,0,0,0.4,0.2,0,0.2,0,0,0.6,0.2,0,0,0.6,0.2,0,0,0,0.8,0.2,0,0,0,0.6,0.2,0.2,0,0,1,0,0.4,0,0,0.2,0.4
3,"E07000033",0,0,0.333333333333333,0.333333333333333,0,0.333333333333333,0,0.666666666666667,0,0,0,0,0,0.333333333333333,0,0,0,1,0,0.666666666666667,0,0,0.333333333333333,0,0,0,0,0,0,0,0,0.333333333333333,1,0,1,0,0,0,0,0.333333333333333,0.333333333333333,0,0.333333333333333,0,0,0.666666666666667,0.333333333333333,0,0,0.666666666666667,0.333333333333333,0,0,0,1,0,0,0,0,1,0,0,0,0,1,0,0.333333333333333,0,0.333333333333333,0.333333333333333,0
5,"E07000035",0,0,1,0,0,0,0,1,0,0,0,0,0,0,0,0,0,1,0,1,0,0,0,0,0,0,0,0,0,0,0,0,1,0,1,0,0,0,0,1,0,0,0,0,0,1,0,0,0,1,0,0,0,0,1,0,0,0,0,1,0,0,0,0,1,0,0,0,1,0,0
6,"E07000032",0,0,0.5,0,0.25,0.25,0.25,0.5,0,0,0.25,0,0,0,0,0,0.25,0.5,0.25,0.5,0.25,0,0,0,0,0,0.25,0,0,0,0,0.5,1,0,1,0,0,0,0,0.75,0,0,0.25,0,0,1,0,0,0,0.75,0.25,0,0,0,1,0,0,0,0,1,0,0,0,0.25,0.75,0,0.25,0,0,0.25,0.5
4,"E07000038",0,0,0.5,0.5,0,0,0,0.75,0,0,0.25,0,0,0,0,0,0.25,0.75,0,0.75,0,0,0,0,0.25,0,0,0,0,0.25,0,0,1,0,0.75,0,0.25,0,0,0.5,0,0,0.5,0,0,0.75,0,0,0,0.5,0.5,0,0,0,1,0,0,0,0,1,0,0,0,0.5,0.5,0,0.5,0,0,0.25,0.25
5,"E06000015",0,0,1,0,0,0,0,0.25,0,0,0.25,0,0.25,0.25,0,0,0.5,0,0.5,0.25,0.25,0,0,0.25,0.25,0,0,0,0,0.5,0,0.25,1,0,0.25,0,0.5,0,0.25,0.75,0.25,0,0,0,0,1,0,0,0,0.75,0.25,0,0,0,1,0,0,0,0,1,0,0,0,0.75,0.25,0,0,0.5,0.25,0,0.25
2,"E07000036",0,0,0.5,0.5,0,0,0,1,0,0,0,0,0,0,0,0,0,1,0,1,0,0,0,0,0,0,0,0,0,0,0,0,1,0,1,0,0,0,0,1,0,0,0,0,0,1,0,0,0,1,0,0,0,0,1,0,0,0,0,1,0,0,0,1,0,0,1,0,0,0,0
3,"E07000174",0,0,0.666666666666667,0,0,0.333333333333333,0,1,0,0,0,0,0,0,0,0,0.333333333333333,0.666666666666667,0,1,0,0,0,0,0,0,0,0,0,0,0,0,1,0,1,0,0,0,0,0.666666666666667,0.333333333333333,0,0,0,0,0.666666666666667,0.333333333333333,0,0,0.666666666666667,0.333333333333333,0,0,0,1,0,0,0,0,1,0,0,0,0.666666666666667,0.333333333333333,0,1,0,0,0,0
5,"E07000170",0,0,0,0,0,1,0,0.5,0,0,0,0,0,0.5,0,0,0,1,0,0.5,0,0,0.5,0,0,0,0,0,0,0,0,0.5,1,0,1,0,0,0,0,0.5,0,0,0,0.5,0,0.5,0,0,0,0.5,0,0,0,0,1,0,0,0,0,1,0,0,0,1,0,0,1,0,0,0,0
6,"E07000171",0,0.2,0.6,0,0,0.2,0,0.8,0,0,0,0,0,0.2,0,0,0.2,0.8,0,0.8,0,0,0,0,0,0,0.2,0,0,0,0,0.2,1,0,1,0,0,0,0,0.8,0,0,0.2,0,0,1,0,0,0,1,0,0,0,0,1,0,0,0,0,1,0,0,0,0,1,0,0.2,0,0.2,0.4,0.2
2,"E07000175",0,0,0.5,0,0,0.5,0,0.5,0,0,0,0,0,0.5,0,0,0,1,0,0.5,0,0,0,0,0,0,0.5,0,0,0,0,0.5,1,0,1,0,0,0,0,1,0,0,0,0,0,1,0,0,0,1,0,0,0,0,1,0,0,0,0,1,0,0,0,0.5,0.5,0,0.5,0,0,0.5,0
6,"E06000018",0,0,0.666666666666667,0,0,0.333333333333333,0,0.666666666666667,0,0,0,0,0,0.333333333333333,0,0,0,1,0,0.666666666666667,0,0,0.333333333333333,0,0,0,0,0,0,0,0,0.333333333333333,1,0,0.666666666666667,0.333333333333333,0,0,0,0.666666666666667,0.333333333333333,0,0,0,0,0.333333333333333,0.666666666666667,0,0,0.333333333333333,0.666666666666667,0,0,0,1,0,0,0,0,1,0,0,0,0.666666666666667,0.333333333333333,0.333333333333333,0.333333333333333,0.333333333333333,0,0,0
8,"E07000176",0,0,0.4,0,0,0.6,0,0.8,0,0,0,0,0,0.2,0,0,0.4,0.6,0,0.8,0,0,0.2,0,0,0,0,0,0,0,0,0.2,1,0,1,0,0,0,0,0.2,0.4,0.2,0,0.2,0,0.6,0.4,0,0,0.6,0.4,0,0,0,1,0,0,0,0,1,0,0,0,0,1,0,0.6,0,0,0,0.4
6,"E07000172",0,0,0.2,0.4,0,0.4,0,0.4,0,0,0,0,0,0.6,0,0,0,1,0,0.4,0,0,0.4,0,0.2,0,0,0,0,0,0,0.6,1,0,0.8,0,0,0,0.2,0.6,0.2,0,0.2,0,0,1,0,0,0,1,0,0,0,0,1,0,0,0,0,1,0,0,0,0.6,0.4,0,0.6,0.2,0.2,0,0
2,"E07000173",0,0,1,0,0,0,0,1,0,0,0,0,0,0,0,0,0,1,0,1,0,0,0,0,0,0,0,0,0,0,0,0,1,0,1,0,0,0,0,1,0,0,0,0,0,1,0,0,0,1,0,0,0,0,1,0,0,0,0,1,0,0,0,0,1,0,0,0,0.5,0.5,0
6,"E07000140",0,0,0,0.25,0.75,0,0,1,0,0,0,0,0,0,0,0,0,1,0,1,0,0,0,0,0,0,0,0,0,0,0,0,1,0,1,0,0,0,0,0.5,0,0,0.5,0,0,1,0,0,0,0.5,0.5,0,0,0,0.75,0,0,0,0.25,1,0,0,0,0,1,0,0,0,0,1,0
24,"E07000137",0,0,0.538461538461538,0.153846153846154,0.307692307692308,0,0,0.846153846153846,0,0,0,0,0.0769230769230769,0.0769230769230769,0,0,0,0.923076923076923,0,0.846153846153846,0,0,0.153846153846154,0,0,0,0,0,0,0,0,0.153846153846154,1,0,1,0,0,0,0,0.615384615384615,0,0,0.384615384615385,0,0.0769230769230769,0.923076923076923,0.0769230769230769,0,0,0.846153846153846,0.153846153846154,0,0,0,0.846153846153846,0,0.0769230769230769,0,0.0769230769230769,1,0,0,0,0,1,0,0,0,0.230769230769231,0.769230769230769,0
7,"E07000141",0,0,0.8,0,0,0.2,0,0.6,0,0,0,0,0.2,0.2,0,0,0.2,0.8,0,0.6,0,0,0.2,0,0,0,0,0.2,0,0,0,0.4,1,0,1,0,0,0,0,0.8,0,0,0.2,0,0,1,0,0,0,1,0,0,0,0,1,0,0,0,0,1,0,0,0,0.2,0.8,0,0.2,0,0.2,0.4,0.2
13,"E07000142",0,0,0.5,0.3,0,0.2,0,0.6,0,0,0,0.1,0.1,0.2,0,0,0,1,0,0.6,0,0,0.2,0,0.1,0,0.1,0,0,0,0,0.4,1,0,1,0,0,0,0,0.8,0.1,0,0.1,0,0,0.9,0,0,0,0.9,0.1,0,0,0,1,0,0,0,0,0.8,0.2,0,0,0.1,0.9,0,0.1,0,0,0.9,0
12,"E07000139",0,0,0.6,0,0.4,0,0,0.8,0,0,0.2,0,0,0,0,0,0,1,0,0.8,0,0,0,0,0.2,0,0,0,0,0,0,0.2,1,0,1,0,0,0,0,0.6,0,0,0.4,0,0,1,0,0,0,1,0,0,0,0,1,0,0,0,0,1,0,0,0,0,1,0,0,0,0,1,0
3,"E07000136",0,0,1,0,0,0,0,1,0,0,0,0,0,0,0,0,0,1,0,1,0,0,0,0,0,0,0,0,0,0,0,0,1,0,1,0,0,0,0,1,0,0,0,0,0,1,0,0,0,1,0,0,0,0,1,0,0,0,0,1,0,0,0,0,1,0,0,0,0,1,0
2,"E07000138",0,0,0,0,0,1,0,0,0,0,1,0,0,0,0,0,0,1,0,0,0,0,1,0,0,0,0,0,0,0,0,1,1,0,1,0,0,0,0,1,0,0,0,0,0,1,0,0,0,1,0,0,0,0,1,0,0,0,0,1,0,0,0,1,0,0,1,0,0,0,0
7,"E06000016",0,0,0.4,0.2,0,0.4,0,0.6,0,0,0,0,0,0.4,0,0,0.2,0.8,0,0.6,0,0,0.4,0,0,0,0,0,0,0.2,0,0.2,1,0,0.6,0.2,0.2,0,0,0,1,0,0,0,0,1,0,0,0,0.8,0.2,0,0,0,1,0,0,0,0,1,0,0,0,0.8,0.2,0,0.8,0.2,0,0,0
11,"E07000131",0.333333333333333,0,0.5,0,0.166666666666667,0,0,0.833333333333333,0,0,0,0,0.166666666666667,0,0,0,0.5,0.5,0,0.833333333333333,0,0,0.166666666666667,0,0,0,0,0,0,0,0,0.166666666666667,1,0,1,0,0,0,0,0.666666666666667,0,0,0.333333333333333,0,0,0.333333333333333,0.333333333333333,0,0.166666666666667,0.5,0.5,0,0,0,1,0,0,0,0,1,0,0,0,0,1,0,0.166666666666667,0,0.166666666666667,0.166666666666667,0.5
1,"E07000132",0,0,0,1,0,0,0,1,0,0,0,0,0,0,0,0,0,1,0,1,0,0,0,0,0,0,0,0,0,0,0,0,1,0,1,0,0,0,0,1,0,0,0,0,0,1,0,0,0,0,1,0,0,0,1,0,0,0,0,1,0,0,0,0,1,0,1,0,0,0,0
14,"E07000133",0,0,0.5,0,0.5,0,0,0.5,0,0,0,0,0.25,0.25,0,0,0,1,0,0.5,0,0,0.25,0,0.25,0,0,0,0,0,0,0.5,1,0,0.75,0.25,0,0,0,0.75,0,0,0.25,0,0,1,0,0,0,0.75,0.25,0,0,0,1,0,0,0,0,1,0,0,0,0.25,0.75,0,0.25,0,0.25,0.5,0
3,"E06000017",0,0,0,0,0.666666666666667,0.333333333333333,0,0.666666666666667,0,0,0,0,0,0.333333333333333,0,0,0,1,0,0.666666666666667,0,0,0,0,0,0,0.333333333333333,0,0,0,0,0.333333333333333,1,0,1,0,0,0,0,0.333333333333333,0,0,0.333333333333333,0.333333333333333,0,0.666666666666667,0.333333333333333,0,0,0.666666666666667,0.333333333333333,0,0,0,1,0,0,0,0,1,0,0,0,0,1,0,0.333333333333333,0,0,0.666666666666667,0
7,"E07000134",0,0,0.2,0.2,0.4,0.2,0,0.8,0,0,0,0,0,0.2,0,0,0.2,0.8,0,0.8,0,0,0.2,0,0,0,0,0,0,0,0,0.2,1,0,1,0,0,0,0,0.6,0,0,0.4,0,0,0.8,0.2,0,0,0.6,0.4,0,0,0,1,0,0,0,0,1,0,0,0,0.2,0.8,0,0.2,0,0.2,0.4,0.2
3,"E07000130",0,0,0.333333333333333,0,0.333333333333333,0.333333333333333,0,0.333333333333333,0,0,0,0,0,0.666666666666667,0,0,0,1,0,0.333333333333333,0,0,0,0,0.333333333333333,0,0.333333333333333,0,0,0,0,0.666666666666667,1,0,1,0,0,0,0,1,0,0,0,0,0,1,0,0,0,0.666666666666667,0.333333333333333,0,0,0,1,0,0,0,0,1,0,0,0,0.333333333333333,0.666666666666667,0,0.333333333333333,0.333333333333333,0,0.333333333333333,0
1,"E07000129",0,0,0,1,0,0,0,1,0,0,0,0,0,0,0,0,0,1,0,1,0,0,0,0,0,0,0,0,0,0,0,0,1,0,1,0,0,0,0,0,0,0,1,0,0,1,0,0,0,1,0,0,0,0,1,0,0,0,0,1,0,0,0,0,1,0,0,0,0,1,0
18,"E06000061",0,0,0.666666666666667,0.0833333333333333,0.0833333333333333,0.166666666666667,0,0.583333333333333,0,0,0.166666666666667,0,0,0.25,0.0833333333333333,0,0.25,0.666666666666667,0,0.583333333333333,0.166666666666667,0,0.166666666666667,0,0,0,0.0833333333333333,0,0,0,0,0.416666666666667,1,0,0.916666666666667,0.0833333333333333,0,0,0,0.5,0.333333333333333,0,0.166666666666667,0,0,0.666666666666667,0.25,0,0,0.416666666666667,0.583333333333333,0,0,0,0.916666666666667,0,0.0833333333333333,0,0,0.916666666666667,0.0833333333333333,0,0,0.25,0.75,0,0.25,0.166666666666667,0,0.416666666666667,0.166666666666667
19,"E06000062",0.133333333333333,0,0.6,0.133333333333333,0.0666666666666667,0.0666666666666667,0,0.533333333333333,0,0,0.133333333333333,0,0.2,0.133333333333333,0,0,0.333333333333333,0.666666666666667,0,0.533333333333333,0,0,0.333333333333333,0,0.133333333333333,0,0,0,0,0.2,0,0.266666666666667,1,0,0.8,0.0666666666666667,0.133333333333333,0,0,0.6,0.2,0,0.2,0,0,0.6,0.266666666666667,0,0,0.466666666666667,0.533333333333333,0,0,0,1,0,0,0,0,1,0,0,0,0.4,0.6,0,0.4,0.0666666666666667,0.0666666666666667,0.333333333333333,0.133333333333333
12,"E07000012",0,0,0.8,0,0,0.2,0,0.8,0,0,0,0,0,0.2,0,0,0.3,0.7,0,0.8,0,0,0.2,0,0,0,0,0,0,0,0,0.2,1,0,1,0,0,0,0,0.5,0,0,0.5,0,0,0.8,0.2,0,0,0.4,0.5,0,0.1,0,1,0,0,0,0,1,0,0,0,0,1,0,0,0.1,0.2,0.5,0.2
19,"E07000010",0,0,0.6,0.2,0,0.2,0,0.5,0,0,0,0.2,0,0.3,0.1,0,0,0.9,0,0.5,0.1,0,0.3,0,0,0,0,0.1,0,0,0,0.5,1,0,0.8,0.1,0,0,0.1,0.5,0.2,0,0.3,0,0.2,0.6,0.3,0,0,0.5,0.5,0,0,0,0.9,0.1,0,0,0,0.9,0,0,0.1,0.4,0.6,0,0.4,0,0,0.6,0
19,"E06000031",0,0,0.6,0.1,0,0.3,0,0.7,0,0,0,0.1,0,0.2,0.1,0,0.2,0.7,0,0.7,0.1,0,0.2,0,0,0,0,0,0,0,0,0.2,1,0,0.9,0,0,0,0.1,0.3,0.2,0,0.4,0.1,0,0.9,0,0,0.1,0.8,0.1,0,0,0,1,0,0,0,0,0.9,0.1,0,0,0.3,0.7,0,0.3,0.1,0.2,0.2,0.2
11,"E07000011",0,0.111111111111111,0.444444444444444,0.222222222222222,0,0.222222222222222,0,0.777777777777778,0,0,0.111111111111111,0,0,0.111111111111111,0,0,0.222222222222222,0.666666666666667,0.111111111111111,0.777777777777778,0.111111111111111,0,0.111111111111111,0,0,0,0,0,0,0.111111111111111,0,0.111111111111111,1,0,1,0,0,0,0,0.666666666666667,0.111111111111111,0,0.222222222222222,0,0,1,0,0,0,1,0,0,0,0,1,0,0,0,0,1,0,0,0,0.111111111111111,0.888888888888889,0,0.111111111111111,0,0.111111111111111,0.444444444444444,0.333333333333333
2,"E07000009",0,0,0,0.5,0,0.5,0,1,0,0,0,0,0,0,0,0,0,1,0,1,0,0,0,0,0,0,0,0,0,0,0,0,1,0,1,0,0,0,0,0.5,0,0,0.5,0,0,1,0,0,0,1,0,0,0,0,1,0,0,0,0,1,0,0,0,0,1,0,0,0,0,1,0
2,"E07000008",0,0,0.5,0,0,0.5,0,0.5,0,0,0.5,0,0,0,0.5,0,0,0.5,0,0.5,0.5,0,0,0,0,0,0,0,0,0,0,0.5,1,0,0.5,0.5,0,0,0,0.5,0.5,0,0,0,0,1,0,0,0,1,0,0,0,0,1,0,0,0,0,1,0,0,0,0.5,0.5,0,1,0,0,0,0
9,"E07000146",0,0,0.428571428571429,0.142857142857143,0,0.428571428571429,0,0.714285714285714,0,0,0,0,0,0.285714285714286,0,0,0,1,0,0.714285714285714,0,0,0.142857142857143,0,0.142857142857143,0,0,0,0,0,0,0.285714285714286,1,0,1,0,0,0,0,0.285714285714286,0.142857142857143,0,0.285714285714286,0.285714285714286,0,0.857142857142857,0.142857142857143,0,0,0.428571428571429,0.571428571428571,0,0,0,1,0,0,0,0,1,0,0,0,0,1,0,0.285714285714286,0,0.142857142857143,0.571428571428571,0
4,"E07000145",0,0,0.5,0,0,0.5,0,1,0,0,0,0,0,0,0,0,0,1,0,1,0,0,0,0,0,0,0,0,0,0,0,0,1,0,1,0,0,0,0,0,0.5,0,0.5,0,0,0.5,0,0,0.5,0,1,0,0,0,1,0,0,0,0,1,0,0,0,0.5,0.5,0,0.5,0,0,0.5,0
1,"E07000147",0,0,1,0,0,0,0,1,0,0,0,0,0,0,0,0,0,1,0,1,0,0,0,0,0,0,0,0,0,0,0,0,1,0,1,0,0,0,0,0,0,0,1,0,0,1,0,0,0,0,1,0,0,0,1,0,0,0,0,1,0,0,0,0,1,0,0,0,1,0,0
4,"E07000144",0,0,0.5,0.5,0,0,0,1,0,0,0,0,0,0,0,0,0,1,0,1,0,0,0,0,0,0,0,0,0,0,0,0,1,0,1,0,0,0,0,1,0,0,0,0,0,1,0,0,0,1,0,0,0,0,1,0,0,0,0,1,0,0,0,0,1,0,0,0,0,1,0
8,"E07000143",0,0,0.6,0.4,0,0,0,0.6,0,0,0,0,0,0.4,0,0,0.4,0.6,0,0.6,0,0,0.4,0,0,0,0,0,0,0,0,0.4,1,0,1,0,0,0,0,0.6,0,0.2,0.2,0,0,0.6,0.2,0,0,0.6,0.4,0,0,0,1,0,0,0,0,1,0,0,0,0.2,0.8,0,0,0,0,0.6,0.4
2,"E07000149",0,0,0.5,0,0.5,0,0,1,0,0,0,0,0,0,0,0,0,1,0,1,0,0,0,0,0,0,0,0,0,0,0,0,1,0,1,0,0,0,0,0,0,0,1,0,0,1,0,0,0,1,0,0,0,0,1,0,0,0,0,1,0,0,0,0,1,0,0,0,0,1,0
10,"E07000245",0,0,0.875,0,0,0.125,0,0.875,0,0,0,0,0,0.125,0,0,0.375,0.625,0,0.875,0,0,0.125,0,0,0,0,0,0,0,0,0.125,1,0,1,0,0,0,0,0.625,0,0.125,0.25,0,0,0.75,0.125,0,0.125,0.625,0.375,0,0,0,1,0,0,0,0,1,0,0,0,0,1,0,0,0,0.25,0.5,0.25
8,"E07000244",0,0,0.6,0,0,0.4,0,0.8,0,0,0,0,0,0.2,0,0,0,1,0,0.8,0,0,0.2,0,0,0,0,0,0,0,0,0.2,1,0,1,0,0,0,0,0.8,0,0.2,0,0,0,1,0,0,0,1,0,0,0,0,1,0,0,0,0,1,0,0,0,0.2,0.8,0,0.4,0.2,0.2,0.2,0
4,"E07000200",0,0,1,0,0,0,0,1,0,0,0,0,0,0,0,0,0.333333333333333,0.666666666666667,0,1,0,0,0,0,0,0,0,0,0,0,0,0,1,0,1,0,0,0,0,0.666666666666667,0.333333333333333,0,0,0,0.333333333333333,0.666666666666667,0.333333333333333,0,0,0.666666666666667,0.333333333333333,0,0,0,1,0,0,0,0,1,0,0,0,0,1,0,0,0,0,0.666666666666667,0.333333333333333
8,"E07000203",0,0,1,0,0,0,0,0.75,0,0,0,0.25,0,0,0,0,0.5,0.5,0,0.75,0,0,0.25,0,0,0,0,0,0,0,0,0.25,1,0,1,0,0,0,0,0.5,0,0,0.25,0.25,0,1,0,0,0,1,0,0,0,0,0.75,0,0.25,0,0,0.75,0,0,0.25,0,1,0,0,0,0,0.5,0.5
19,"E06000056",0.166666666666667,0,0.416666666666667,0.0833333333333333,0,0.333333333333333,0,0.916666666666667,0,0,0,0,0,0.0833333333333333,0.0833333333333333,0,0.25,0.666666666666667,0,0.916666666666667,0,0,0,0,0.0833333333333333,0,0,0,0,0,0,0.0833333333333333,1,0,1,0,0,0,0,0.5,0.0833333333333333,0.0833333333333333,0.333333333333333,0,0,0.75,0.166666666666667,0,0,0.666666666666667,0.333333333333333,0,0,0,1,0,0,0,0,0.916666666666667,0.0833333333333333,0,0,0.0833333333333333,0.916666666666667,0,0.0833333333333333,0.0833333333333333,0,0.583333333333333,0.25
7,"E06000055",0,0,0.666666666666667,0,0,0.333333333333333,0,1,0,0,0,0,0,0,0,0,0.333333333333333,0.666666666666667,0,1,0,0,0,0,0,0,0,0,0,0,0,0,1,0,1,0,0,0,0,1,0,0,0,0,0,0.666666666666667,0,0,0,1,0,0,0,0,1,0,0,0,0,1,0,0,0,0,1,0,0,0,0,0.666666666666667,0.333333333333333
1,"E06000032",1,0,0,0,0,0,0,1,0,0,0,0,0,0,0,0,0,0,1,1,0,0,0,0,0,0,0,0,0,0,0,0,1,0,1,0,0,0,0,0,0,0,1,0,1,0,1,0,0,0,1,0,0,0,1,0,0,0,0,1,0,0,0,1,0,0,0,0,0,0,1
4,"E07000242",0,0,0.333333333333333,0,0,0.666666666666667,0,1,0,0,0,0,0,0,0,0,0.333333333333333,0.666666666666667,0,1,0,0,0,0,0,0,0,0,0,0,0,0,1,0,1,0,0,0,0,0,0,0.333333333333333,0.666666666666667,0,0,1,0,0,0,0.666666666666667,0.333333333333333,0,0,0,1,0,0,0,0,1,0,0,0,0.333333333333333,0.666666666666667,0,0.333333333333333,0,0,0.333333333333333,0.333333333333333
9,"E07000241",0,0,0.5,0.25,0,0.25,0,1,0,0,0,0,0,0,0,0,0,1,0,1,0,0,0,0,0,0,0,0,0,0,0,0,1,0,0.75,0,0,0,0.25,0.25,0.25,0,0,0.5,0,1,0,0,0,1,0,0,0,0,1,0,0,0,0,1,0,0,0,0.5,0.5,0,0,0.25,0,0.75,0
9,"E07000098",0,0.25,0.5,0,0,0.25,0,1,0,0,0,0,0,0,0,0,0.5,0.5,0,1,0,0,0,0,0,0,0,0,0,0,0,0,1,0,1,0,0,0,0,0.5,0.25,0,0.25,0,0,0.75,0.25,0,0,0,1,0,0,0,1,0,0,0,0,1,0,0,0,0.25,0.75,0,0.25,0.25,0,0,0.5
3,"E07000240",0,0,0.5,0.5,0,0,0,1,0,0,0,0,0,0,0,0,0,1,0,1,0,0,0,0,0,0,0,0,0,0,0,0,1,0,1,0,0,0,0,0.5,0.5,0,0,0,0,1,0,0,0,0.5,0.5,0,0,0,1,0,0,0,0,1,0,0,0,0.5,0.5,0,0,1,0,0,0
4,"E07000096",0,0,1,0,0,0,0,1,0,0,0,0,0,0,0,0,0.5,0.5,0,1,0,0,0,0,0,0,0,0,0,0,0,0,1,0,1,0,0,0,0,0.5,0,0,0.5,0,0,0.5,0.5,0,0,0.5,0.5,0,0,0,1,0,0,0,0,0.5,0.5,0,0,0,1,0,0,0,0,0.5,0.5
7,"E07000099",0,0,0.666666666666667,0.333333333333333,0,0,0,1,0,0,0,0,0,0,0,0,0.333333333333333,0.666666666666667,0,1,0,0,0,0,0,0,0,0,0,0,0,0,1,0,0.666666666666667,0.333333333333333,0,0,0,0.666666666666667,0,0,0.333333333333333,0,0,1,0,0,0,0.666666666666667,0.333333333333333,0,0,0,1,0,0,0,0,1,0,0,0,0.333333333333333,0.666666666666667,0,0.333333333333333,0,0,0.666666666666667,0
1,"E07000243",0,0,0,0,0,1,0,0,0,0,0,0,0,1,0,0,0,1,0,0,0,0,1,0,0,0,0,0,0,0,0,1,1,0,0,0,0,0,1,0,1,0,0,0,0,1,0,0,0,1,0,0,0,0,1,0,0,0,0,1,0,0,0,1,0,0,1,0,0,0,0
10,"E07000067",0,0,0.6,0.4,0,0,0,0.8,0,0,0,0,0,0.2,0,0,0,1,0,0.8,0,0,0.2,0,0,0,0,0,0,0,0,0.2,1,0,1,0,0,0,0,0.8,0,0,0.2,0,0,1,0,0,0,0.8,0.2,0,0,0,1,0,0,0,0,1,0,0,0,0.4,0.6,0,0,0.6,0,0.4,0
25,"E07000072",0.2,0,0.3,0.1,0,0.4,0,0.8,0,0,0,0,0,0.2,0,0,0.2,0.8,0,0.8,0,0,0.2,0,0,0,0,0,0,0,0,0.2,1,0,1,0,0,0,0,0.8,0.1,0,0.1,0,0,1,0,0,0,0.8,0.2,0,0,0,1,0,0,0,0,1,0,0,0,0.3,0.7,0,0.4,0.1,0.1,0.2,0.2
8,"E06000034",0,0,0.25,0.5,0,0.25,0,0.75,0,0,0,0.25,0,0,0,0,0.25,0.75,0,0.75,0,0.25,0,0,0,0,0,0,0,0,0,0.25,1,0,0.75,0,0,0,0.25,0.25,0.5,0,0.25,0,0,0.75,0.25,0,0,0.75,0.25,0,0,0,1,0,0,0,0,1,0,0,0,0.25,0.75,0,0.25,0.25,0.25,0.25,0
8,"E07000070",0,0,0.75,0.25,0,0,0,0.5,0,0,0.25,0,0,0.25,0.25,0,0.25,0.5,0,0.5,0.25,0,0.25,0,0,0,0,0,0,0,0,0.5,1,0,1,0,0,0,0,0.5,0,0,0.5,0,0,1,0,0,0,1,0,0,0,0,0.75,0,0.25,0,0,1,0,0,0,0,1,0,0,0.25,0,0.25,0.5
3,"E07000076",0,0,0.5,0.5,0,0,0,1,0,0,0,0,0,0,0,0,0,1,0,1,0,0,0,0,0,0,0,0,0,0,0,0,1,0,1,0,0,0,0,0.5,0,0,0.5,0,0,1,0,0,0,0.5,0.5,0,0,0,1,0,0,0,0,1,0,0,0,0,1,0,0.5,0,0,0.5,0
3,"E07000069",0,0,0,0.5,0,0.5,0,1,0,0,0,0,0,0,0,0,0,1,0,1,0,0,0,0,0,0,0,0,0,0,0,0,1,0,1,0,0,0,0,0.5,0.5,0,0,0,0,1,0,0,0,1,0,0,0,0,1,0,0,0,0,0.5,0,0,0.5,0.5,0.5,0,0.5,0.5,0,0,0
2,"E07000068",0,0,0.5,0,0,0.5,0,1,0,0,0,0,0,0,0,0,0,1,0,1,0,0,0,0,0,0,0,0,0,0,0,0,1,0,0.5,0.5,0,0,0,0.5,0.5,0,0,0,0,1,0,0,0,1,0,0,0,0,1,0,0,0,0,1,0,0,0,0.5,0.5,0,0.5,0,0,0.5,0
7,"E07000071",0,0,0.75,0,0,0.25,0,0.5,0,0,0,0.25,0,0.25,0,0,0.5,0.5,0,0.5,0,0,0.25,0,0,0,0,0.25,0,0,0,0.25,0.75,0.25,0.75,0.25,0,0,0,0.5,0.5,0,0,0,0,1,0,0,0,0.75,0.25,0,0,0,1,0,0,0,0,0.75,0.25,0,0,0.5,0.5,0,0.25,0.25,0,0.25,0.25
2,"E07000074",0,0,0,1,0,0,0,1,0,0,0,0,0,0,0,0,0,1,0,1,0,0,0,0,0,0,0,0,0,0,0,0,1,0,1,0,0,0,0,0,0,0,1,0,0,1,0,0,0,1,0,0,0,0,1,0,0,0,0,1,0,0,0,0,1,0,0,0,0,1,0
2,"E06000033",0,0,0,0,0,1,0,0.5,0,0,0,0,0,0.5,0,0,0,1,0,0.5,0,0,0,0,0.5,0,0,0,0,0,0,0.5,1,0,0.5,0,0,0,0.5,1,0,0,0,0,0,1,0,0,0,1,0,0,0,0,1,0,0,0,0,1,0,0,0,1,0,0,1,0,0,0,0
2,"E07000075",0,0,0,0,0,1,0,0,0,0,0,0,0,1,0,0,0,1,0,0,0,0,1,0,0,0,0,0,0,0,0,1,1,0,1,0,0,0,0,1,0,0,0,0,0,1,0,0,0,1,0,0,0,0,1,0,0,0,0,1,0,0,0,0,1,0,0,1,0,0,0
4,"E07000066",0,0,0,0,0,1,0,1,0,0,0,0,0,0,0,0,0,1,0,1,0,0,0,0,0,0,0,0,0,0,0,0,1,0,1,0,0,0,0,0,0,1,0,0,0,1,0,0,0,1,0,0,0,0,1,0,0,0,0,1,0,0,0,1,0,0,1,0,0,0,0
7,"E06000042",0.666666666666667,0,0.333333333333333,0,0,0,0,1,0,0,0,0,0,0,0,0,1,0,0,1,0,0,0,0,0,0,0,0,0,0,0,0,1,0,1,0,0,0,0,0.333333333333333,0,0,0.333333333333333,0.333333333333333,0,1,0,0,0,1,0,0,0,0,0.666666666666667,0,0.333333333333333,0,0,1,0,0,0,0,1,0,0,0,0,0.666666666666667,0.333333333333333
27,"E06000060",0.117647058823529,0,0.588235294117647,0.0588235294117647,0.117647058823529,0.117647058823529,0,0.647058823529412,0,0,0.0588235294117647,0,0.0588235294117647,0.235294117647059,0.0588235294117647,0,0.294117647058824,0.647058823529412,0,0.647058823529412,0.0588235294117647,0,0.235294117647059,0,0,0,0.0588235294117647,0,0,0.0588235294117647,0,0.294117647058824,1,0,0.823529411764706,0.0588235294117647,0.0588235294117647,0,0.0588235294117647,0.705882352941177,0.235294117647059,0,0.0588235294117647,0,0.0588235294117647,0.941176470588235,0.0588235294117647,0,0,0.764705882352941,0.235294117647059,0,0,0,1,0,0,0,0,1,0,0,0,0.294117647058824,0.705882352941177,0,0.235294117647059,0.117647058823529,0.117647058823529,0.235294117647059,0.294117647058824
8,"E07000177",0.25,0,0.5,0.25,0,0,0,0.75,0,0,0,0,0,0.25,0,0,0.25,0.75,0,0.75,0,0,0.25,0,0,0,0,0,0,0,0,0.25,1,0,1,0,0,0,0,0.5,0,0,0.5,0,0,0.75,0.25,0,0,0.25,0.75,0,0,0,1,0,0,0,0,1,0,0,0,0.25,0.75,0,0,0,0.5,0.25,0.25
7,"E07000179",0,0,0.833333333333333,0,0,0.166666666666667,0,0.833333333333333,0,0,0,0,0,0.166666666666667,0,0,0.166666666666667,0.833333333333333,0,0.833333333333333,0,0,0.166666666666667,0,0,0,0,0,0,0,0,0.166666666666667,1,0,1,0,0,0,0,0.833333333333333,0,0,0.166666666666667,0,0,0.833333333333333,0,0,0.166666666666667,1,0,0,0,0,1,0,0,0,0,1,0,0,0,0.166666666666667,0.833333333333333,0,0,0.333333333333333,0.333333333333333,0.166666666666667,0.166666666666667
8,"E06000039",0.166666666666667,0,0.5,0,0,0.333333333333333,0,0.5,0,0,0,0,0,0.5,0,0,0.5,0.5,0,0.5,0,0,0.166666666666667,0,0.166666666666667,0,0.166666666666667,0,0,0.166666666666667,0,0.333333333333333,1,0,0.833333333333333,0,0.166666666666667,0,0,0.166666666666667,0.833333333333333,0,0,0,0,0.666666666666667,0.333333333333333,0,0,0.5,0.5,0,0,0,1,0,0,0,0,0.833333333333333,0.166666666666667,0,0,0.833333333333333,0.166666666666667,0,0.666666666666667,0,0,0.166666666666667,0.166666666666667
5,"E06000041",0,0,0.666666666666667,0,0,0.333333333333333,0,0.666666666666667,0,0,0.333333333333333,0,0,0,0,0,0.333333333333333,0.666666666666667,0,0.666666666666667,0.333333333333333,0,0,0,0,0,0,0,0,0,0,0.333333333333333,1,0,0.333333333333333,0.333333333333333,0,0,0.333333333333333,1,0,0,0,0,0,1,0,0,0,1,0,0,0,0,1,0,0,0,0,1,0,0,0,0.333333333333333,0.666666666666667,0,0.333333333333333,0,0.666666666666667,0,0
7,"E06000037",0.25,0,0.5,0,0,0.25,0,1,0,0,0,0,0,0,0,0,0.75,0.25,0,1,0,0,0,0,0,0,0,0,0,0,0,0,1,0,1,0,0,0,0,0.75,0,0,0.25,0,0,1,0,0,0,0.75,0.25,0,0,0,1,0,0,0,0,0.75,0.25,0,0,0,1,0,0,0,0,0.25,0.75
7,"E07000181",0,0,1,0,0,0,0,0,0,0,0,0.666666666666667,0,0.333333333333333,0,0,0,1,0,0,0,0,0.666666666666667,0,0.333333333333333,0,0,0,0,0,0,1,1,0,1,0,0,0,0,0.666666666666667,0,0,0.333333333333333,0,0,1,0,0,0,0.666666666666667,0.333333333333333,0,0,0,1,0,0,0,0,1,0,0,0,0,1,0,0,0,0.333333333333333,0.666666666666667,0
2,"E07000178",0,0,0.5,0,0,0.5,0,0,0,0,0,0.5,0,0.5,0,0,0,1,0,0,0,0,0.5,0,0.5,0,0,0,0,0.5,0,0.5,1,0,1,0,0,0,0,1,0,0,0,0,0,1,0,0,0,1,0,0,0,0,1,0,0,0,0,1,0,0,0,1,0,0.5,0.5,0,0,0,0
1,"E06000036",0,0,1,0,0,0,0,1,0,0,0,0,0,0,0,0,0,0,1,1,0,0,0,0,0,0,0,0,0,0,0,0,1,0,1,0,0,0,0,1,0,0,0,0,0,1,0,0,0,1,0,0,0,0,1,0,0,0,0,1,0,0,0,0,1,0,0,0,1,0,0
6,"E07000180",0,0,0.666666666666667,0.333333333333333,0,0,0,0.666666666666667,0,0,0,0,0,0.333333333333333,0,0,0,1,0,0.666666666666667,0,0,0.333333333333333,0,0,0,0,0,0,0,0,0.333333333333333,1,0,1,0,0,0,0,0.666666666666667,0,0,0.333333333333333,0,0,0.666666666666667,0.333333333333333,0,0,0.333333333333333,0.666666666666667,0,0,0,1,0,0,0,0,1,0,0,0,0,1,0,0,0,0.666666666666667,0.333333333333333,0
2,"E06000040",0,0,0,0.5,0,0.5,0,1,0,0,0,0,0,0,0,0,0,1,0,1,0,0,0,0,0,0,0,0,0,0,0,0,1,0,1,0,0,0,0,0.5,0,0,0.5,0,0,1,0,0,0,0.5,0.5,0,0,0,1,0,0,0,0,1,0,0,0,0,1,0,0.5,0,0,0.5,0
4,"E07000085",0,0,0.666666666666667,0,0,0.333333333333333,0,1,0,0,0,0,0,0,0,0,0,1,0,1,0,0,0,0,0,0,0,0,0,0,0,0,1,0,1,0,0,0,0,0.333333333333333,0,0,0.666666666666667,0,0.333333333333333,0.666666666666667,0.333333333333333,0,0,0.333333333333333,0.666666666666667,0,0,0,1,0,0,0,0,1,0,0,0,0.333333333333333,0.666666666666667,0.333333333333333,0,0,0,0.666666666666667,0
8,"E07000089",0.4,0,0.6,0,0,0,0,1,0,0,0,0,0,0,0,0,0.4,0.6,0,1,0,0,0,0,0,0,0,0,0,0,0,0,1,0,1,0,0,0,0,0.6,0,0,0.4,0,0,0.6,0.4,0,0,0.6,0.4,0,0,0,1,0,0,0,0,1,0,0,0,0.2,0.8,0,0,0.2,0,0.4,0.4
9,"E07000093",0,0,0.714285714285714,0.142857142857143,0,0.142857142857143,0,1,0,0,0,0,0,0,0,0,0.571428571428571,0.428571428571429,0,1,0,0,0,0,0,0,0,0,0,0,0,0,1,0,1,0,0,0,0,0.571428571428571,0,0,0.285714285714286,0.142857142857143,0,0.714285714285714,0.285714285714286,0,0,0.571428571428571,0.428571428571429,0,0,0,1,0,0,0,0,1,0,0,0,0,1,0,0,0,0,0.428571428571429,0.571428571428571
13,"E07000094",0.285714285714286,0,0.142857142857143,0.285714285714286,0,0.285714285714286,0,0.428571428571429,0,0,0,0,0,0.571428571428571,0,0,0.285714285714286,0.714285714285714,0,0.428571428571429,0,0,0,0.142857142857143,0.142857142857143,0,0.285714285714286,0,0,0,0,0.571428571428571,1,0,1,0,0,0,0,0.714285714285714,0,0,0.285714285714286,0,0.142857142857143,0.571428571428571,0.285714285714286,0,0.142857142857143,0.428571428571429,0.571428571428571,0,0,0,1,0,0,0,0,1,0,0,0,0,1,0,0,0.142857142857143,0,0.571428571428571,0.285714285714286
4,"E06000045",0,0,0,0,0,1,0,0.666666666666667,0,0,0,0,0,0.333333333333333,0,0,0,1,0,0.666666666666667,0.333333333333333,0,0,0,0,0,0,0,0,0,0,0.333333333333333,1,0,1,0,0,0,0,0.666666666666667,0.333333333333333,0,0,0,0,0.666666666666667,0.333333333333333,0,0,0.666666666666667,0.333333333333333,0,0,0,1,0,0,0,0,1,0,0,0,0.666666666666667,0.333333333333333,0,1,0,0,0,0
6,"E06000044",0,0,0.4,0,0,0.6,0,0.8,0,0,0,0,0,0.2,0,0,0,1,0,0.8,0,0,0.2,0,0,0,0,0,0,0,0,0.2,1,0,0.4,0.2,0,0,0.4,0.6,0.4,0,0,0,0,0.8,0.2,0,0,0.8,0.2,0,0,0,1,0,0,0,0,1,0,0,0,0.8,0.2,0,1,0,0,0,0
5,"E07000084",0,0,0.666666666666667,0.333333333333333,0,0,0,1,0,0,0,0,0,0,0,0,0,1,0,1,0,0,0,0,0,0,0,0,0,0,0,0,1,0,1,0,0,0,0,0.666666666666667,0,0,0.333333333333333,0,0.333333333333333,0.666666666666667,0.333333333333333,0,0,0.666666666666667,0.333333333333333,0,0,0,1,0,0,0,0,1,0,0,0,0,1,0,0,0,0.666666666666667,0.333333333333333,0
2,"E06000046",0,0,0.5,0,0,0.5,0,0,0,0,0,0,0,1,0,0,0,1,0,0,0,0,0.5,0,0,0,0.5,0,0,0,0,1,1,0,0.5,0.5,0,0,0,1,0,0,0,0,0,1,0,0,0,1,0,0,0,0,1,0,0,0,0,1,0,0,0,0.5,0.5,0,0.5,0,0,0.5,0
3,"E07000086",0,0,1,0,0,0,0,1,0,0,0,0,0,0,0,0,0,1,0,1,0,0,0,0,0,0,0,0,0,0,0,0,1,0,1,0,0,0,0,0,1,0,0,0,0,1,0,0,0,1,0,0,0,0,1,0,0,0,0,1,0,0,0,0,1,0,0,1,0,0,0
1,"E07000090",0,0,0,0,0,1,0,1,0,0,0,0,0,0,0,0,0,1,0,1,0,0,0,0,0,0,0,0,0,0,0,0,1,0,1,0,0,0,0,0,1,0,0,0,0,0,1,0,0,0,1,0,0,0,1,0,0,0,0,1,0,0,0,1,0,0,1,0,0,0,0
2,"E07000092",0,0,0,0,0,1,0,1,0,0,0,0,0,0,0,0,0,1,0,1,0,0,0,0,0,0,0,0,0,0,0,0,1,0,1,0,0,0,0,1,0,0,0,0,0,1,0,0,0,1,0,0,0,0,1,0,0,0,0,1,0,0,0,0,1,0,1,0,0,0,0
5,"E07000091",0,0,1,0,0,0,0,0.666666666666667,0,0,0,0,0,0.333333333333333,0,0,0.333333333333333,0.666666666666667,0,0.666666666666667,0,0,0.333333333333333,0,0,0,0,0,0,0,0,0.333333333333333,1,0,1,0,0,0,0,0,0.333333333333333,0,0.666666666666667,0,0,0.666666666666667,0.333333333333333,0,0,0.666666666666667,0.333333333333333,0,0,0,1,0,0,0,0,0.666666666666667,0,0.333333333333333,0,0,1,0,0,0.333333333333333,0.333333333333333,0,0.333333333333333
8,"E07000216",0,0,0.5,0.5,0,0,0,1,0,0,0,0,0,0,0,0,0,1,0,1,0,0,0,0,0,0,0,0,0,0,0,0,0.75,0.25,0.75,0,0.25,0,0,0.5,0.25,0,0.25,0,0,0.75,0.25,0,0,0.5,0.5,0,0,0,1,0,0,0,0,1,0,0,0,0.5,0.5,0,0.25,0.25,0,0.5,0
3,"E07000214",0,0,1,0,0,0,0,0.333333333333333,0,0,0.333333333333333,0,0,0.333333333333333,0,0,0.333333333333333,0.666666666666667,0,0.333333333333333,0,0,0.666666666666667,0,0,0,0,0,0,0,0,0.666666666666667,1,0,0.333333333333333,0,0,0,0.666666666666667,1,0,0,0,0,0,0.666666666666667,0.333333333333333,0,0,0.666666666666667,0.333333333333333,0,0,0,0.666666666666667,0,0.333333333333333,0,0,1,0,0,0,0,1,0,0.333333333333333,0.333333333333333,0,0,0.333333333333333
2,"E07000213",0,0,0,1,0,0,0,1,0,0,0,0,0,0,0,0,0,1,0,1,0,0,0,0,0,0,0,0,0,0,0,0,1,0,1,0,0,0,0,0,1,0,0,0,0,1,0,0,0,0,1,0,0,0,1,0,0,0,0,1,0,0,0,0,1,0,1,0,0,0,0
6,"E07000215",0.5,0,0.25,0,0,0.25,0,0.75,0,0,0,0,0,0.25,0,0,0.5,0.5,0,0.75,0,0,0.25,0,0,0,0,0,0,0,0,0.25,1,0,1,0,0,0,0,0.75,0,0,0.25,0,0,1,0,0,0,0.5,0.5,0,0,0,1,0,0,0,0,1,0,0,0,0.25,0.75,0,0.5,0,0,0,0.5
1,"E07000212",0,0,1,0,0,0,0,1,0,0,0,0,0,0,0,0,0,1,0,1,0,0,0,0,0,0,0,0,0,0,0,0,1,0,0,0,0,0,1,1,0,0,0,0,0,1,0,0,0,1,0,0,0,0,1,0,0,0,0,1,0,0,0,1,0,0,0,1,0,0,0
6,"E07000211",0,0,0.75,0,0,0.25,0,1,0,0,0,0,0,0,0,0,0.25,0.75,0,1,0,0,0,0,0,0,0,0,0,0,0,0,1,0,0.75,0.25,0,0,0,1,0,0,0,0,0,1,0,0,0,1,0,0,0,0,1,0,0,0,0,1,0,0,0,0.75,0.25,0,0.5,0.25,0,0.25,0
3,"E07000208",0,0,0.333333333333333,0.333333333333333,0,0.333333333333333,0,0.666666666666667,0,0,0,0,0,0.333333333333333,0,0,0.333333333333333,0.666666666666667,0,0.666666666666667,0,0,0,0,0,0,0,0.333333333333333,0,0,0,0.333333333333333,1,0,1,0,0,0,0,0.666666666666667,0.333333333333333,0,0,0,0,1,0,0,0,1,0,0,0,0,1,0,0,0,0,1,0,0,0,0.666666666666667,0.333333333333333,0,0.333333333333333,0.666666666666667,0,0,0
1,"E07000217",0,0,0,1,0,0,0,1,0,0,0,0,0,0,0,0,0,1,0,1,0,0,0,0,0,0,0,0,0,0,0,0,1,0,1,0,0,0,0,0,1,0,0,0,0,1,0,0,0,1,0,0,0,0,1,0,0,0,0,1,0,0,0,0,1,0,0,1,0,0,0
11,"E07000209",0,0,0.333333333333333,0,0,0.666666666666667,0,0.666666666666667,0,0,0.333333333333333,0,0,0,0,0,0.333333333333333,0.666666666666667,0,0.666666666666667,0.333333333333333,0,0,0,0,0,0,0,0,0,0,0.333333333333333,1,0,0.666666666666667,0,0,0,0.333333333333333,0.333333333333333,0.666666666666667,0,0,0,0,1,0,0,0,1,0,0,0,0,1,0,0,0,0,0.666666666666667,0.333333333333333,0,0,0.333333333333333,0.666666666666667,0,0.333333333333333,0.333333333333333,0,0,0.333333333333333
11,"E07000110",0.25,0,0.25,0,0,0.5,0,0.75,0,0,0.25,0,0,0,0,0,0.25,0.75,0,0.75,0,0,0,0,0.25,0,0,0,0,0.25,0,0,1,0,0.75,0.25,0,0,0,0.5,0.25,0,0.25,0,0,0.5,0.5,0,0,0.5,0.5,0,0,0,1,0,0,0,0,1,0,0,0,0.25,0.75,0,0.25,0,0,0.5,0.25
8,"E07000112",0,0,0.4,0.4,0,0.2,0,0.6,0,0,0,0,0,0.4,0,0,0,1,0,0.6,0,0,0.4,0,0,0,0,0,0,0,0,0.4,1,0,1,0,0,0,0,0.6,0.2,0,0.2,0,0,1,0,0,0,0.6,0.2,0,0.2,0,1,0,0,0,0,1,0,0,0,0.2,0.8,0,0,0.2,0,0.8,0
6,"E07000108",0,0,0.6,0.2,0,0.2,0,1,0,0,0,0,0,0,0,0,0.4,0.6,0,1,0,0,0,0,0,0,0,0,0,0,0,0,1,0,0.8,0,0,0,0.2,0.6,0.4,0,0,0,0,0.8,0.2,0,0,0.6,0.4,0,0,0,1,0,0,0,0,1,0,0,0,0.2,0.8,0,0,0.2,0.2,0.4,0.2
11,"E07000113",0.2,0,0,0.6,0,0.2,0,0.6,0,0,0,0,0,0.4,0,0,0.2,0.8,0,0.6,0,0,0.2,0,0,0.2,0,0,0,0,0,0.4,1,0,1,0,0,0,0,0.6,0.2,0,0.2,0,0,0.8,0,0,0.2,0.8,0.2,0,0,0,1,0,0,0,0,1,0,0,0,0.2,0.8,0,0.2,0.4,0,0.2,0.2
10,"E07000106",0,0,0.5,0.333333333333333,0,0.166666666666667,0,0.833333333333333,0,0,0.166666666666667,0,0,0,0,0,0.333333333333333,0.666666666666667,0,0.833333333333333,0,0,0,0.166666666666667,0,0,0,0,0,0,0,0.166666666666667,1,0,0.833333333333333,0.166666666666667,0,0,0,0.666666666666667,0.166666666666667,0,0.166666666666667,0,0.166666666666667,0.666666666666667,0.333333333333333,0,0,0.666666666666667,0.333333333333333,0,0,0,1,0,0,0,0,1,0,0,0,0.333333333333333,0.666666666666667,0,0.333333333333333,0,0.166666666666667,0.166666666666667,0.333333333333333
1,"E07000109",0,0,0,0,0,1,0,0,0,0,0,0,0,1,0,0,0,1,0,0,0,0,1,0,0,0,0,0,0,0,0,1,1,0,1,0,0,0,0,1,0,0,0,0,0,1,0,0,0,1,0,0,0,0,1,0,0,0,0,1,0,0,0,1,0,0,1,0,0,0,0
11,"E07000105",0,0,0.625,0.375,0,0,0.125,0.5,0,0,0,0,0,0.375,0.125,0,0.25,0.5,0.125,0.5,0,0,0.375,0.125,0,0,0,0,0,0,0,0.375,1,0,1,0,0,0,0,0.5,0.375,0,0.125,0,0,0.875,0.125,0,0,0.875,0.125,0,0,0,0.875,0,0.125,0,0,1,0,0,0,0.375,0.625,0,0.375,0.375,0,0.125,0.125
6,"E07000114",0,0,0.6,0,0,0.4,0,0.8,0,0,0,0,0,0.2,0,0,0.4,0.6,0,0.8,0,0,0,0,0.2,0,0,0,0,0,0,0.2,1,0,1,0,0,0,0,0.8,0.2,0,0,0,0,1,0,0,0,0.8,0.2,0,0,0,1,0,0,0,0,1,0,0,0,0.4,0.6,0,0.4,0.2,0,0,0.4
3,"E07000107",0,0,0.666666666666667,0.333333333333333,0,0,0,0.666666666666667,0,0,0,0,0,0.333333333333333,0,0,0.333333333333333,0.666666666666667,0,0.666666666666667,0,0,0,0,0,0,0,0.333333333333333,0,0,0,0,1,0,0.666666666666667,0,0,0,0.333333333333333,0.666666666666667,0,0.333333333333333,0,0,0,1,0,0,0,1,0,0,0,0,1,0,0,0,0,0.666666666666667,0.333333333333333,0,0,0.333333333333333,0.666666666666667,0,0.333333333333333,0.333333333333333,0,0,0.333333333333333
12,"E06000035",0.125,0,0.125,0.125,0,0.625,0,0.75,0,0,0,0,0,0.25,0,0,0.125,0.875,0,0.75,0,0,0.25,0,0,0,0,0,0,0,0,0.25,0.875,0.125,1,0,0,0,0,0.5,0.25,0,0.125,0.125,0.125,0.75,0.125,0,0.125,0.625,0.375,0,0,0,1,0,0,0,0,1,0,0,0,0.625,0.375,0,0.625,0.25,0,0,0.125
3,"E07000111",0,0,0.333333333333333,0,0,0.666666666666667,0,0.666666666666667,0,0,0,0.333333333333333,0,0,0,0,0,1,0,0.666666666666667,0,0,0.333333333333333,0,0,0,0,0,0,0,0,0.333333333333333,1,0,0.666666666666667,0,0,0,0.333333333333333,1,0,0,0,0,0,1,0,0,0,1,0,0,0,0,1,0,0,0,0,1,0,0,0,0.666666666666667,0.333333333333333,0.333333333333333,0.333333333333333,0,0,0.333333333333333,0
2,"E07000116",0,0,1,0,0,0,0,0.5,0,0,0,0,0,0.5,0,0,0,1,0,0.5,0,0,0,0,0,0,0,0.5,0,0,0,0.5,1,0,1,0,0,0,0,1,0,0,0,0,0,1,0,0,0,1,0,0,0,0,1,0,0,0,0,1,0,0,0,0,1,0,0,0,0.5,0.5,0
9,"E07000227",0,0,0.833333333333333,0.166666666666667,0,0,0,0.833333333333333,0,0,0,0,0,0.166666666666667,0,0,0,1,0,0.833333333333333,0,0,0,0,0.166666666666667,0,0,0,0,0,0,0.166666666666667,1,0,1,0,0,0,0,0.833333333333333,0,0,0.166666666666667,0,0.166666666666667,1,0,0,0,0.666666666666667,0.333333333333333,0,0,0,1,0,0,0,0,1,0,0,0,0,1,0,0,0.166666666666667,0.166666666666667,0.666666666666667,0
8,"E07000225",0,0,0.714285714285714,0,0,0.285714285714286,0,0.714285714285714,0,0,0,0,0,0.285714285714286,0,0,0.142857142857143,0.714285714285714,0.142857142857143,0.714285714285714,0,0,0.142857142857143,0,0,0,0,0.142857142857143,0,0,0,0.285714285714286,1,0,0.857142857142857,0.142857142857143,0,0,0,0.571428571428571,0,0,0.428571428571429,0,0,1,0,0,0,1,0,0,0,0,1,0,0,0,0,1,0,0,0,0.142857142857143,0.857142857142857,0,0.142857142857143,0.142857142857143,0,0.428571428571429,0.285714285714286
2,"E07000062",0,0,1,0,0,0,0,0.5,0,0,0,0,0,0.5,0,0,0,1,0,0.5,0,0,0.5,0,0,0,0,0,0,0,0,0.5,0.5,0.5,0.5,0,0,0,0.5,0.5,0.5,0,0,0,0,1,0,0,0,1,0,0,0,0,1,0,0,0,0,1,0,0,0,1,0,0,0.5,0.5,0,0,0
15,"E07000065",0,0,0.888888888888889,0.111111111111111,0,0,0,0.666666666666667,0,0,0,0,0,0.333333333333333,0,0,0,1,0,0.666666666666667,0,0,0.333333333333333,0,0,0,0,0,0,0,0,0.333333333333333,1,0,1,0,0,0,0,0.777777777777778,0,0,0.222222222222222,0,0,0.888888888888889,0.111111111111111,0,0,0.666666666666667,0.333333333333333,0,0,0,0.888888888888889,0,0.111111111111111,0,0,1,0,0,0,0,1,0,0,0.111111111111111,0.222222222222222,0.666666666666667,0
10,"E07000228",0,0,0.5,0.25,0.25,0,0,0.5,0,0,0,0,0,0.5,0,0,0,1,0,0.5,0,0,0.5,0,0,0,0,0,0,0,0,0.5,1,0,1,0,0,0,0,0.5,0,0,0.25,0.25,0.25,0.5,0.5,0,0,0.5,0.5,0,0,0,1,0,0,0,0,1,0,0,0,0.75,0.25,0,0.75,0,0.25,0,0
9,"E07000063",0,0,1,0,0,0,0,0.75,0,0,0,0,0,0.25,0,0,0.5,0.5,0,0.75,0,0,0,0,0.25,0,0,0,0,0,0,0.25,1,0,1,0,0,0,0,0.75,0,0,0.25,0,0,1,0,0,0,1,0,0,0,0,1,0,0,0,0,1,0,0,0,0,1,0,0,0,0.25,0.5,0.25
9,"E07000224",0,0,0.6,0.2,0,0.2,0,0.8,0,0,0,0.2,0,0,0,0,0.2,0.8,0,0.8,0,0,0,0,0,0,0,0.2,0,0,0,0.2,1,0,0.8,0,0.2,0,0,0.8,0,0,0.2,0,0,1,0,0,0,1,0,0,0,0,1,0,0,0,0,1,0,0,0,0.6,0.4,0,0.4,0.2,0.2,0.2,0
2,"E07000226",0.5,0,0.5,0,0,0,0,0.5,0,0,0,0,0,0.5,0,0,1,0,0,0.5,0,0,0.5,0,0,0,0,0,0,0.5,0,0,1,0,1,0,0,0,0,0,0.5,0,0.5,0,0.5,0.5,0.5,0,0,0.5,0,0,0,0.5,1,0,0,0,0,1,0,0,0,1,0,0,0.5,0,0,0,0.5
3,"E06000043",0,0,0.5,0,0,0.5,0,1,0,0,0,0,0,0,0,0,0,1,0,1,0,0,0,0,0,0,0,0,0,0,0,0,1,0,1,0,0,0,0,0.5,0,0,0.5,0,0,1,0,0,0,1,0,0,0,0,1,0,0,0,0,0.5,0.5,0,0,0,1,0,0.5,0,0.5,0,0
1,"E07000061",0,0,0,0,0,1,0,0,0,0,0,0,0,1,0,0,1,0,0,0,0,0,1,0,0,0,0,0,0,0,0,1,1,0,1,0,0,0,0,1,0,0,0,0,0,1,0,0,0,1,0,0,0,0,1,0,0,0,0,1,0,0,0,0,1,0,1,0,0,0,0
1,"E07000223",0,0,1,0,0,0,0,1,0,0,0,0,0,0,0,0,0,1,0,1,0,0,0,0,0,0,0,0,0,0,0,0,1,0,0,0,1,0,0,0,1,0,0,0,0,1,0,0,0,1,0,0,0,0,1,0,0,0,0,1,0,0,0,1,0,0,0,1,0,0,0
3,"E07000229",0,0,0,0,0,1,0,0,0,0,0,0,0,1,0,0,0,1,0,0,0,0,0,0,1,0,0,0,0,0,0,1,1,0,1,0,0,0,0,0,0,0,1,0,0,1,0,0,0,1,0,0,0,0,1,0,0,0,0,1,0,0,0,1,0,0,1,0,0,0,0
1,"E09000001",0,0,1,0,0,0,0,1,0,0,0,0,0,0,0,0,0,1,0,1,0,0,0,0,0,0,0,0,0,0,0,0,1,0,0,0,1,0,0,0,1,0,0,0,0,1,0,0,0,1,0,0,0,0,1,0,0,0,0,1,0,0,0,1,0,1,0,0,0,0,0
26,"E06000052",0,0,0.538461538461538,0.153846153846154,0,0.307692307692308,0,0.923076923076923,0,0,0,0,0,0.0769230769230769,0,0,0,1,0,0.923076923076923,0,0,0.0769230769230769,0,0,0,0,0,0,0,0,0.0769230769230769,1,0,1,0,0,0,0,0.846153846153846,0,0,0.153846153846154,0,0.0769230769230769,0.923076923076923,0.0769230769230769,0,0,0.846153846153846,0.153846153846154,0,0,0,1,0,0,0,0,1,0,0,0,0.153846153846154,0.846153846153846,0,0.307692307692308,0,0.0769230769230769,0.615384615384615,0
4,"E07000047",0,0,1,0,0,0,0,0.666666666666667,0,0,0,0,0,0.333333333333333,0,0,0.333333333333333,0.666666666666667,0,0.666666666666667,0,0,0.333333333333333,0,0,0,0,0,0,0,0,0.333333333333333,1,0,1,0,0,0,0,0.666666666666667,0,0,0.333333333333333,0,0,0.666666666666667,0.333333333333333,0,0,0.666666666666667,0.333333333333333,0,0,0,1,0,0,0,0,1,0,0,0,0,1,0,0.333333333333333,0,0,0.333333333333333,0.333333333333333
3,"E07000045",0.333333333333333,0,0.666666666666667,0,0,0,0,0.666666666666667,0,0,0.333333333333333,0,0,0,0,0,0.666666666666667,0.333333333333333,0,0.666666666666667,0,0,0.333333333333333,0,0,0,0,0,0,0,0,0.333333333333333,1,0,1,0,0,0,0,0.333333333333333,0,0,0.666666666666667,0,0,1,0,0,0,0.666666666666667,0.333333333333333,0,0,0,1,0,0,0,0,1,0,0,0,0.666666666666667,0.333333333333333,0,0.333333333333333,0,0.333333333333333,0,0.333333333333333
6,"E07000041",0,0,0.333333333333333,0.333333333333333,0,0.333333333333333,0,0.333333333333333,0,0,0,0,0,0.666666666666667,0,0,0,1,0,0.333333333333333,0,0,0.666666666666667,0,0,0,0,0,0,0.666666666666667,0,0,1,0,0.333333333333333,0.333333333333333,0.333333333333333,0,0,0.666666666666667,0.333333333333333,0,0,0,0,1,0,0,0,1,0,0,0,0,1,0,0,0,0,1,0,0,0,1,0,0,0.666666666666667,0.333333333333333,0,0,0
13,"E07000040",0.125,0,0.75,0.125,0,0,0,0.75,0,0,0,0,0,0.25,0,0,0.375,0.5,0.125,0.75,0,0,0.25,0,0,0,0,0,0,0,0,0.25,1,0,1,0,0,0,0,0.625,0.125,0,0.25,0,0.125,0.875,0.125,0,0,0.875,0,0,0,0.125,1,0,0,0,0,1,0,0,0,0.125,0.875,0,0.25,0,0,0.25,0.5
5,"E07000043",0,0,1,0,0,0,0,0.5,0,0,0,0,0,0.5,0,0,0,1,0,0.5,0,0,0,0,0.5,0,0,0,0,0,0,0.5,1,0,1,0,0,0,0,0.5,0,0,0.5,0,0,1,0,0,0,1,0,0,0,0,1,0,0,0,0,1,0,0,0,0,1,0,0,0,0,1,0
5,"E07000046",0,0,0.75,0,0,0.25,0,0.75,0,0,0,0,0,0.25,0,0,0,1,0,0.75,0,0,0.25,0,0,0,0,0,0,0,0,0.25,1,0,1,0,0,0,0,0.75,0,0,0.25,0,0.25,1,0,0,0,0.5,0.5,0,0,0,1,0,0,0,0,1,0,0,0,0.25,0.75,0,0.25,0,0,0.75,0
7,"E07000042",0.25,0,0,0.5,0,0.25,0,0.5,0,0,0,0,0,0.5,0,0,0.25,0.75,0,0.5,0,0,0.25,0,0,0,0.25,0,0,0,0,0.5,1,0,0.75,0,0,0,0.25,0.75,0,0,0.25,0,0,1,0,0,0,1,0,0,0,0,1,0,0,0,0,1,0,0,0,0,1,0,0.25,0.25,0,0.25,0.25
1,"E07000044",0,0,1,0,0,0,0,0,0,0,0,0,0,1,0,0,0,1,0,0,0,0,1,0,0,0,0,0,0,0,0,1,1,0,0,0,0,0,1,1,0,0,0,0,0,1,0,0,0,1,0,0,0,0,1,0,0,0,0,1,0,0,0,0,1,0,1,0,0,0,0
5,"E06000026",0,0,0.6,0.2,0,0.2,0,0.6,0,0,0,0,0,0.4,0,0.2,0.6,0.2,0,0.6,0,0,0.2,0,0.2,0,0,0,0,0.2,0,0.2,1,0,0.8,0.2,0,0,0,0.6,0.2,0.2,0,0,0,1,0,0,0,0.8,0.2,0,0,0,1,0,0,0,0,1,0,0,0,0.8,0.2,0,0.6,0,0,0.2,0.2
3,"E06000027",0,0,0.5,0,0,0.5,0,0.5,0,0,0,0,0,0.5,0,0,0,1,0,0.5,0,0,0.5,0,0,0,0,0,0,0,0,0.5,1,0,1,0,0,0,0,0.5,0,0,0.5,0,0,1,0,0,0,1,0,0,0,0,1,0,0,0,0,1,0,0,0,1,0,0,1,0,0,0,0
12,"E07000246",0.25,0,0.375,0.25,0,0.125,0,1,0,0,0,0,0,0,0,0,0.25,0.625,0.125,1,0,0,0,0,0,0,0,0,0,0,0,0,1,0,1,0,0,0,0,0.625,0,0,0.125,0.25,0,0.5,0.25,0,0,0.625,0.375,0,0,0,1,0,0,0,0,1,0,0,0,0.125,0.875,0,0.25,0,0,0.5,0.25
9,"E07000189",0,0,0.777777777777778,0.111111111111111,0,0.111111111111111,0,0.888888888888889,0,0,0,0,0,0.111111111111111,0,0,0.333333333333333,0.555555555555556,0.111111111111111,0.888888888888889,0,0,0,0.111111111111111,0,0,0,0,0,0,0,0.111111111111111,1,0,1,0,0,0,0,0.666666666666667,0,0,0.111111111111111,0.222222222222222,0,0.555555555555556,0.111111111111111,0,0,0.555555555555556,0.444444444444444,0,0,0,1,0,0,0,0,1,0,0,0,0.111111111111111,0.888888888888889,0,0.222222222222222,0.111111111111111,0.111111111111111,0.222222222222222,0.333333333333333
8,"E07000187",0,0,0.666666666666667,0,0,0.333333333333333,0,0.666666666666667,0,0,0.166666666666667,0,0,0.166666666666667,0,0,0,1,0,0.666666666666667,0,0,0.166666666666667,0,0.166666666666667,0,0,0,0,0.166666666666667,0,0.166666666666667,1,0,1,0,0,0,0,0.333333333333333,0,0,0,0.666666666666667,0,0.666666666666667,0.333333333333333,0,0,0.666666666666667,0.333333333333333,0,0,0,1,0,0,0,0,1,0,0,0,0.166666666666667,0.833333333333333,0,0.333333333333333,0,0.166666666666667,0.5,0
1,"E07000188",0,0,1,0,0,0,0,1,0,0,0,0,0,0,0,0,0,1,0,1,0,0,0,0,0,0,0,0,0,0,0,0,1,0,1,0,0,0,0,1,0,0,0,0,0,1,0,0,0,1,0,0,0,0,1,0,0,0,0,1,0,0,0,0,1,0,0,1,0,0,0
10,"E06000023",0.25,0,0.5,0,0,0.25,0,0.5,0.125,0,0,0,0,0.375,0,0,0.625,0.125,0.125,0.5,0,0,0.25,0.125,0.125,0,0,0,0,0.125,0,0.375,1,0,0.5,0,0.25,0.25,0,0.25,0.625,0,0.125,0,0,0.625,0,0,0,0.75,0.25,0,0,0,1,0,0,0,0,1,0,0,0,0.75,0.25,0.125,0.25,0.5,0,0,0.125
4,"E06000025",0.25,0,0,0.5,0,0.25,0,0,0.25,0,0,0,0,0.75,0,0,0,0.75,0.25,0,0,0,0.75,0.25,0,0,0,0,0,0,0,1,1,0,1,0,0,0,0,1,0,0,0,0,0,0.75,0,0,0,1,0,0,0,0,1,0,0,0,0,1,0,0,0,0.25,0.75,0,0.25,0.25,0.25,0,0.25
6,"E06000022",0,0,0.6,0.2,0,0.2,0,0.6,0,0,0,0,0,0.4,0,0,0,0.8,0,0.6,0,0,0.2,0,0.2,0,0,0,0,0,0,0.4,0.8,0.2,1,0,0,0,0,0.4,0,0,0,0.6,0,0.8,0.2,0,0,0.6,0.4,0,0,0,1,0,0,0,0,1,0,0,0,0.2,0.8,0,0.2,0.2,0.2,0.4,0
2,"E06000024",0,0,0.5,0.5,0,0,0,0.5,0,0,0,0,0,0.5,0,0,0.5,0.5,0,0.5,0,0,0,0,0,0,0.5,0,0,0,0,0.5,1,0,1,0,0,0,0,0.5,0,0,0.5,0,0,0.5,0.5,0,0,0.5,0.5,0,0,0,1,0,0,0,0,1,0,0,0,0.5,0.5,0,0.5,0,0.5,0,0
2,"E07000081",0,0,0.5,0,0.5,0,0,0.5,0,0,0.5,0,0,0,0,0,0.5,0.5,0,0.5,0,0,0,0,0,0,0,0.5,0,0,0,0.5,1,0,1,0,0,0,0,0,1,0,0,0,0,0.5,0.5,0,0,0.5,0.5,0,0,0,1,0,0,0,0,1,0,0,0,0.5,0.5,0,1,0,0,0,0
2,"E07000078",0,0,1,0,0,0,0,0.5,0,0,0,0,0,0.5,0.5,0,0,0.5,0,0.5,0,0,0.5,0,0,0,0,0,0,0,0,0.5,0.5,0.5,0.5,0,0.5,0,0,0.5,0.5,0,0,0,0,1,0,0,0,1,0,0,0,0,1,0,0,0,0,1,0,0,0,1,0,0,0.5,0.5,0,0,0
12,"E07000083",0,0,0.5,0,0,0.5,0,0.875,0,0,0,0,0,0.125,0,0,0.125,0.75,0,0.875,0.125,0,0,0,0,0,0,0,0,0,0,0.125,1,0,0.875,0.125,0,0,0,0.625,0.125,0,0.25,0,0,1,0,0,0,1,0,0,0,0,1,0,0,0,0,1,0,0,0,0.125,0.875,0.125,0.25,0,0.125,0.5,0
3,"E07000082",1,0,0,0,0,0,0,1,0,0,0,0,0,0,0,0,1,0,0,1,0,0,0,0,0,0,0,0,0,0,0,0,1,0,1,0,0,0,0,0,0,0,1,0,0,1,0,0,0,1,0,0,0,0,1,0,0,0,0,1,0,0,0,0,1,0,0,0,0,0,1
6,"E07000079",0,0,0.6,0.4,0,0,0,0.4,0,0,0,0,0,0.6,0,0,0,1,0,0.4,0,0,0,0,0.2,0,0.4,0,0,0,0,0.6,1,0,1,0,0,0,0,0.6,0,0,0.4,0,0,1,0,0,0,0.6,0.4,0,0,0,1,0,0,0,0,1,0,0,0,0,1,0,0.2,0,0.2,0.6,0
5,"E07000080",0,0,1,0,0,0,0,1,0,0,0,0,0,0,0,0,0,1,0,1,0,0,0,0,0,0,0,0,0,0,0,0,1,0,1,0,0,0,0,0.666666666666667,0,0,0.333333333333333,0,0,0.666666666666667,0.333333333333333,0,0,0.666666666666667,0.333333333333333,0,0,0,1,0,0,0,0,1,0,0,0,0,1,0,0,0,0.666666666666667,0.333333333333333,0
41,"E06000054",0.142857142857143,0,0.333333333333333,0.19047619047619,0.0952380952380952,0.238095238095238,0,0.571428571428571,0,0,0.0476190476190476,0,0,0.380952380952381,0,0,0.19047619047619,0.80952380952381,0,0.571428571428571,0,0,0.285714285714286,0,0,0,0.0476190476190476,0.0952380952380952,0,0,0,0.428571428571429,1,0,1,0,0,0,0,0.666666666666667,0.0952380952380952,0,0.19047619047619,0.0476190476190476,0.0476190476190476,0.80952380952381,0.0952380952380952,0,0,0.666666666666667,0.285714285714286,0,0.0476190476190476,0,1,0,0,0,0,0.952380952380952,0,0,0.0476190476190476,0.19047619047619,0.80952380952381,0,0.285714285714286,0.0952380952380952,0,0.476190476190476,0.142857142857143
6,"E06000030",0.2,0,0,0.6,0,0.2,0,0.6,0,0,0,0,0,0.4,0,0,0.2,0.8,0,0.6,0,0,0.4,0,0,0,0,0,0,0,0,0.4,1,0,0.8,0.2,0,0,0,0.8,0,0,0.2,0,0,1,0,0,0,1,0,0,0,0,1,0,0,0,0,0.8,0.2,0,0,0.4,0.6,0,0.2,0.4,0.2,0,0.2
28,"E06000059",0,0,0.555555555555556,0.166666666666667,0.166666666666667,0.111111111111111,0,0.666666666666667,0,0,0.0555555555555556,0,0.0555555555555556,0.222222222222222,0,0,0.0555555555555556,0.944444444444444,0,0.666666666666667,0.0555555555555556,0,0.222222222222222,0,0,0,0.0555555555555556,0,0,0,0,0.333333333333333,1,0,0.944444444444444,0,0,0,0.0555555555555556,0.833333333333333,0.0555555555555556,0.0555555555555556,0.0555555555555556,0,0.111111111111111,0.944444444444444,0.0555555555555556,0,0,0.777777777777778,0.222222222222222,0,0,0,1,0,0,0,0,0.944444444444444,0.0555555555555556,0,0,0.0555555555555556,0.944444444444444,0,0.333333333333333,0.111111111111111,0.111111111111111,0.388888888888889,0.0555555555555556
4,"W06000006",0,0,0.75,0.25,0,0,0,0.5,0,0,0.25,0,0,0.25,0,0,0.25,0.75,0,0.5,0,0,0.25,0.25,0,0,0,0,0,0,0,0.5,1,0,1,0,0,0,0,0.25,0,0,0.75,0,0.25,0.25,0.75,0,0,0,1,0,0,0,1,0,0,0,0,1,0,0,0,0.25,0.75,0,0,0,0,0.75,0.25
20,"W06000002",0,0,1,0,0,0,0,0.8,0,0,0,0,0,0.2,0,0,0,1,0,0.8,0,0,0,0,0,0,0,0.2,0,0,0,0.2,1,0,1,0,0,0,0,0.7,0,0,0.3,0,0.1,0.8,0.2,0,0,0.8,0.2,0,0,0,1,0,0,0,0,1,0,0,0,0,1,0,0.1,0,0.1,0.8,0
4,"W06000001",0,0,0.666666666666667,0.333333333333333,0,0,0,0.666666666666667,0,0,0,0,0,0.333333333333333,0,0,0,1,0,0.666666666666667,0,0,0.333333333333333,0,0,0,0,0,0,0,0,0.333333333333333,1,0,1,0,0,0,0,0.333333333333333,0,0,0.666666666666667,0,0,1,0,0,0,0.333333333333333,0.666666666666667,0,0,0,1,0,0,0,0,1,0,0,0,0,1,0,0,0,0,1,0
3,"W06000005",0,0,0.333333333333333,0.333333333333333,0,0.333333333333333,0,0.333333333333333,0,0,0,0,0,0.666666666666667,0,0,0,1,0,0.333333333333333,0,0,0,0,0,0,0.333333333333333,0.333333333333333,0,0,0,0.666666666666667,1,0,1,0,0,0,0,0.666666666666667,0.333333333333333,0,0,0,0,1,0,0,0,1,0,0,0,0,1,0,0,0,0,1,0,0,0,0.666666666666667,0.333333333333333,0,0.666666666666667,0.333333333333333,0,0,0
9,"W06000003",0,0,1,0,0,0,0,0.4,0,0,0,0,0,0.6,0,0,0,1,0,0.4,0,0,0.2,0,0,0,0.4,0,0,0,0,0.6,0.8,0.2,0.8,0.2,0,0,0,0.8,0.2,0,0,0,0,0.8,0.2,0,0,0.6,0.4,0,0,0,1,0,0,0,0,1,0,0,0,0.2,0.8,0,0.2,0,0,0.8,0
2,"W06000004",0,0,0,1,0,0,0,1,0,0,0,0,0,0,0,0,0,1,0,1,0,0,0,0,0,0,0,0,0,0,0,0,1,0,1,0,0,0,0,0,0,0,1,0,0,1,0,0,0,0,1,0,0,0,1,0,0,0,0,1,0,0,0,0,1,0,0,0,0,1,0
9,"W06000018",0,0,0.333333333333333,0.166666666666667,0,0.5,0,0.666666666666667,0,0,0,0,0,0.333333333333333,0,0,0,1,0,0.666666666666667,0,0,0.166666666666667,0,0,0,0.166666666666667,0,0,0,0,0.333333333333333,1,0,1,0,0,0,0,0.833333333333333,0.166666666666667,0,0,0,0,0.833333333333333,0.166666666666667,0,0,0.5,0.5,0,0,0,1,0,0,0,0,1,0,0,0,0.666666666666667,0.333333333333333,0,0.5,0,0.166666666666667,0.333333333333333,0
6,"W06000021",0,0,0.75,0,0,0.25,0,0.75,0,0,0,0,0,0.25,0,0,0,1,0,0.75,0,0,0.25,0,0,0,0,0,0,0,0,0.25,1,0,1,0,0,0,0,1,0,0,0,0,0,1,0,0,0,0.75,0.25,0,0,0,1,0,0,0,0,1,0,0,0,0.5,0.5,0,0.25,0,0.25,0.5,0
4,"W06000022",0.5,0,0,0.5,0,0,0,0.5,0,0,0,0.5,0,0,0,0,1,0,0,0.5,0,0,0,0,0,0.5,0,0,0,0.5,0,0,1,0,0.5,0,0.5,0,0,0,1,0,0,0,0,1,0,0,0,1,0,0,0,0,1,0,0,0,0,1,0,0,0,0.5,0.5,0,0.5,0,0,0,0.5
1,"W06000019",0,0,0,0,0,1,0,1,0,0,0,0,0,0,0,0,0,1,0,1,0,0,0,0,0,0,0,0,0,0,0,0,1,0,1,0,0,0,0,1,0,0,0,0,0,1,0,0,0,1,0,0,0,0,1,0,0,0,0,1,0,0,0,1,0,0,1,0,0,0,0
7,"W06000020",0,0,0.5,0,0,0.5,0,1,0,0,0,0,0,0,0,0,0,1,0,1,0,0,0,0,0,0,0,0,0,0,0,0,1,0,1,0,0,0,0,1,0,0,0,0,0,1,0,0,0,1,0,0,0,0,1,0,0,0,0,1,0,0,0,0.5,0.5,0,0.5,0,0,0.5,0
1,"W06000015",1,0,0,0,0,0,0,1,0,0,0,0,0,0,0,0,1,0,0,1,0,0,0,0,0,0,0,0,0,0,0,0,1,0,1,0,0,0,0,0,0,0,1,0,0,1,0,0,0,1,0,0,0,0,1,0,0,0,0,1,0,0,0,1,0,0,0,0,0,0,1
8,"W06000012",0,0,0.6,0.2,0,0.2,0,0.8,0,0,0,0,0,0.2,0,0,0.6,0.4,0,0.8,0.2,0,0,0,0,0,0,0,0,0,0,0.2,1,0,1,0,0,0,0,0.4,0.2,0,0.4,0,0.2,0.6,0.2,0,0,0.4,0.6,0,0,0,1,0,0,0,0,1,0,0,0,0.2,0.8,0,0.6,0,0,0.2,0.2
5,"W06000013",0,0,0.666666666666667,0,0,0.333333333333333,0,0.666666666666667,0,0,0,0,0,0.333333333333333,0,0,0.666666666666667,0.333333333333333,0,0.666666666666667,0,0,0,0,0.333333333333333,0,0,0,0,0.333333333333333,0,0,1,0,0.666666666666667,0,0.333333333333333,0,0,0.666666666666667,0.333333333333333,0,0,0,0,0.666666666666667,0.333333333333333,0,0,0.666666666666667,0.333333333333333,0,0,0,1,0,0,0,0,1,0,0,0,0,1,0,0,0,0.333333333333333,0.333333333333333,0.333333333333333
10,"W06000011",0.142857142857143,0,0.428571428571429,0,0,0.428571428571429,0,0.285714285714286,0,0,0,0.142857142857143,0,0.571428571428571,0.142857142857143,0,0.428571428571429,0.428571428571429,0,0.285714285714286,0.142857142857143,0,0.285714285714286,0.142857142857143,0,0,0,0.142857142857143,0,0.285714285714286,0,0.428571428571429,1,0,0.714285714285714,0,0.285714285714286,0,0,0.571428571428571,0.285714285714286,0,0,0.142857142857143,0.142857142857143,0.714285714285714,0.142857142857143,0,0,0.714285714285714,0.285714285714286,0,0,0,1,0,0,0,0,1,0,0,0,0.571428571428571,0.428571428571429,0,0.571428571428571,0.285714285714286,0,0.142857142857143,0
9,"W06000016",0.2,0,0.4,0.4,0,0,0,0.8,0,0,0,0,0,0.2,0,0.2,0.2,0.6,0,0.8,0,0,0.2,0,0,0,0,0,0,0.2,0,0,1,0,0.6,0.2,0.2,0,0,0.6,0,0,0.4,0,0,0.8,0.2,0,0,0.8,0.2,0,0,0,1,0,0,0,0,1,0,0,0,0.2,0.8,0,0.4,0,0,0.4,0.2
2,"W06000014",0,0,0.5,0.5,0,0,0,0.5,0,0,0.5,0,0,0,0.5,0,0,0.5,0,0.5,0.5,0,0,0,0,0,0,0,0,0,0,0.5,1,0,1,0,0,0,0,0,0.5,0,0.5,0,0,1,0,0,0,0.5,0.5,0,0,0,1,0,0,0,0,1,0,0,0,0,1,0,0,0,0.5,0.5,0
10,"W06000010",0.142857142857143,0,0.285714285714286,0.285714285714286,0,0.285714285714286,0,0.571428571428571,0,0,0,0,0,0.428571428571429,0,0,0.285714285714286,0.714285714285714,0,0.571428571428571,0,0,0,0.142857142857143,0.142857142857143,0,0.142857142857143,0,0,0,0,0.428571428571429,1,0,1,0,0,0,0,0.428571428571429,0.142857142857143,0,0.142857142857143,0.285714285714286,0,0.714285714285714,0.142857142857143,0,0,0.857142857142857,0.142857142857143,0,0,0,1,0,0,0,0,1,0,0,0,0.285714285714286,0.714285714285714,0,0.285714285714286,0,0,0.571428571428571,0.142857142857143
3,"W06000008",0,0,1,0,0,0,0,1,0,0,0,0,0,0,0,0,0,1,0,1,0,0,0,0,0,0,0,0,0,0,0,0,1,0,1,0,0,0,0,1,0,0,0,0,0,1,0,0,0,0.5,0.5,0,0,0,0.5,0,0.5,0,0,0.5,0.5,0,0,0,1,0,0,0,0,1,0
28,"W06000009",0,0,0.75,0.25,0,0,0,1,0,0,0,0,0,0,0,0,0,1,0,1,0,0,0,0,0,0,0,0,0,0,0,0,1,0,1,0,0,0,0,0.75,0,0,0.25,0,0,1,0,0,0,0.5,0.5,0,0,0,1,0,0,0,0,1,0,0,0,0,1,0,0,0,0.25,0.75,0
9,"W06000023",0,0,0.6,0.4,0,0,0,1,0,0,0,0,0,0,0,0,0,1,0,1,0,0,0,0,0,0,0,0,0,0,0,0,1,0,1,0,0,0,0,0.6,0,0,0.4,0,0,0.8,0.2,0,0,0.6,0.4,0,0,0,1,0,0,0,0,0.8,0.2,0,0,0,1,0,0,0,0,1,0
10,"S12000040",0.8,0,0.2,0,0,0,0,0.8,0,0,0,0,0,0.2,0,0,0.8,0.2,0,0.8,0,0,0.2,0,0,0,0,0,0,0,0,0.2,1,0,1,0,0,0,0,0.2,0.2,0,0.6,0,0,0.6,0.4,0,0,0.2,0.4,0,0.2,0.2,1,0,0,0,0,1,0,0,0,0,1,0,0,0,0.4,0,0.6
12,"S12000048",0.2,0,0.8,0,0,0,0,0.8,0,0,0,0,0,0.2,0,0,0.2,0.8,0,0.8,0,0,0,0,0,0,0,0.2,0,0,0,0.2,1,0,1,0,0,0,0,1,0,0,0,0,0,1,0,0,0,0.6,0.4,0,0,0,1,0,0,0,0,1,0,0,0,0,1,0,0,0,0.2,0.8,0
28,"S12000017",0,0,0.769230769230769,0.153846153846154,0,0.0769230769230769,0,0.461538461538462,0,0,0,0.0769230769230769,0,0.461538461538462,0,0,0.0769230769230769,0.923076923076923,0,0.461538461538462,0,0,0.230769230769231,0,0.0769230769230769,0.0769230769230769,0.0769230769230769,0.0769230769230769,0,0,0,0.538461538461538,1,0,1,0,0,0,0,0.615384615384615,0.153846153846154,0,0.230769230769231,0,0.153846153846154,0.769230769230769,0.230769230769231,0,0,0.615384615384615,0.384615384615385,0,0,0,0.923076923076923,0,0.0769230769230769,0,0,1,0,0,0,0.153846153846154,0.846153846153846,0,0.153846153846154,0.0769230769230769,0,0.692307692307692,0.0769230769230769
4,"S12000014",0.25,0,0,0.25,0,0.5,0,0.25,0,0,0.25,0,0,0.5,0,0,0.25,0.75,0,0.25,0,0,0.5,0,0,0,0,0.25,0,0.25,0,0.5,1,0,0.75,0,0.25,0,0,1,0,0,0,0,0,1,0,0,0,0.75,0.25,0,0,0,0.75,0,0.25,0,0,1,0,0,0,0.5,0.5,0,0.5,0,0,0.25,0.25
16,"S12000035",0,0,0.666666666666667,0.222222222222222,0,0.111111111111111,0,0.777777777777778,0,0,0.111111111111111,0,0,0.111111111111111,0,0,0.111111111111111,0.888888888888889,0,0.777777777777778,0,0,0.222222222222222,0,0,0,0,0,0,0,0,0.222222222222222,1,0,1,0,0,0,0,0.666666666666667,0.111111111111111,0,0.222222222222222,0,0,0.888888888888889,0,0,0,0.444444444444444,0.555555555555556,0,0,0,1,0,0,0,0,1,0,0,0,0.111111111111111,0.888888888888889,0,0.222222222222222,0,0,0.777777777777778,0
5,"S12000030",0,0,0.6,0.2,0,0.2,0,0.8,0,0,0,0,0,0.2,0,0,0,1,0,0.8,0,0,0,0,0.2,0,0,0,0,0,0,0.2,1,0,1,0,0,0,0,1,0,0,0,0,0,1,0,0,0,0.8,0.2,0,0,0,1,0,0,0,0,1,0,0,0,0.2,0.8,0,0,0,0.2,0.8,0
18,"S12000006",0,0.2,0.4,0.2,0,0.2,0,0.8,0,0,0,0.1,0,0.1,0,0,0.2,0.8,0,0.8,0,0,0.2,0,0,0,0,0,0,0,0,0.2,1,0,1,0,0,0,0,0.7,0,0,0.3,0,0,0.9,0,0.1,0,0.8,0.1,0.1,0,0,0.9,0,0.1,0,0,0.8,0.2,0,0,0.2,0.8,0.1,0.1,0,0,0.6,0.2
9,"S12000038",0.5,0,0,0,0,0.5,0,0.5,0,0,0,0,0,0.5,0,0,0.5,0.5,0,0.5,0,0,0,0,0,0,0,0.5,0,0,0,0.5,1,0,1,0,0,0,0,0,0,0.5,0.5,0,0,0.5,0,0,0,0,1,0,0,0,1,0,0,0,0,1,0,0,0,0.5,0.5,0,0.5,0,0,0,0.5
12,"S12000026",0,0,0.75,0.25,0,0,0,0.625,0,0,0.125,0,0,0.25,0,0,0,1,0,0.625,0,0,0.125,0,0.125,0,0,0.125,0,0,0,0.375,1,0,1,0,0,0,0,0.75,0,0,0.25,0,0,0.75,0.25,0,0,0.5,0.375,0,0.125,0,1,0,0,0,0,1,0,0,0,0.125,0.875,0.25,0,0,0,0.75,0
16,"S12000034",0,0,0.785714285714286,0.214285714285714,0,0,0.0714285714285714,0.785714285714286,0,0,0,0,0,0.142857142857143,0,0,0.214285714285714,0.785714285714286,0,0.785714285714286,0,0,0.0714285714285714,0,0.142857142857143,0,0,0,0,0,0,0.142857142857143,1,0,1,0,0,0,0,0.642857142857143,0,0,0.357142857142857,0,0.0714285714285714,0.857142857142857,0.0714285714285714,0,0,0.571428571428571,0.428571428571429,0,0,0,1,0,0,0,0,0.785714285714286,0.142857142857143,0,0.0714285714285714,0,1,0,0,0,0,0.857142857142857,0.142857142857143
11,"S12000008",0,0,0.666666666666667,0.166666666666667,0,0.166666666666667,0,1,0,0,0,0,0,0,0,0,0.166666666666667,0.833333333333333,0,1,0,0,0,0,0,0,0,0,0,0,0,0,1,0,1,0,0,0,0,0.666666666666667,0,0,0.333333333333333,0,0,1,0,0,0,0.833333333333333,0.166666666666667,0,0,0,1,0,0,0,0,1,0,0,0,0,1,0,0.166666666666667,0,0,0.666666666666667,0.166666666666667
9,"S12000049",0.111111111111111,0,0.444444444444444,0.222222222222222,0,0.222222222222222,0,0.666666666666667,0,0,0.111111111111111,0,0,0.222222222222222,0,0.111111111111111,0.555555555555556,0.333333333333333,0,0.666666666666667,0,0,0,0,0.111111111111111,0,0.222222222222222,0,0,0.111111111111111,0,0,1,0,0.666666666666667,0.222222222222222,0.111111111111111,0,0,0.444444444444444,0.555555555555556,0,0,0,0,0.777777777777778,0.111111111111111,0.111111111111111,0,0.666666666666667,0.333333333333333,0,0,0,0.888888888888889,0,0.111111111111111,0,0,1,0,0,0,1,0,0,0.777777777777778,0.111111111111111,0.111111111111111,0,0
8,"S12000050",0,0,0.166666666666667,0.333333333333333,0,0.5,0,0,0,0,0.166666666666667,0,0,0.833333333333333,0,0,0,1,0,0,0,0.166666666666667,0.333333333333333,0,0.166666666666667,0,0.166666666666667,0.166666666666667,0,0.166666666666667,0,0.833333333333333,1,0,0.666666666666667,0,0.166666666666667,0,0.166666666666667,0.666666666666667,0.333333333333333,0,0,0,0,1,0,0,0,1,0,0,0,0,1,0,0,0,0,1,0,0,0,0.833333333333333,0.166666666666667,0.166666666666667,0.666666666666667,0,0,0.166666666666667,0
9,"S12000028",0,0,0.5,0.166666666666667,0,0.333333333333333,0,0.5,0,0,0.166666666666667,0.166666666666667,0,0.166666666666667,0,0,0.166666666666667,0.833333333333333,0,0.5,0,0,0,0,0.166666666666667,0,0.166666666666667,0.166666666666667,0,0.166666666666667,0,0.333333333333333,1,0,0.833333333333333,0.166666666666667,0,0,0,0.833333333333333,0,0,0.166666666666667,0,0,0.833333333333333,0,0,0,0.833333333333333,0.166666666666667,0,0,0,1,0,0,0,0,1,0,0,0,0.166666666666667,0.833333333333333,0,0.333333333333333,0,0.166666666666667,0.5,0
11,"S12000029",0.285714285714286,0.142857142857143,0.428571428571429,0,0,0.142857142857143,0,0.714285714285714,0,0,0,0,0,0.285714285714286,0.142857142857143,0,0.428571428571429,0.428571428571429,0,0.714285714285714,0,0.142857142857143,0,0,0,0,0,0.142857142857143,0,0,0,0.285714285714286,1,0,0.857142857142857,0,0,0,0.142857142857143,0.857142857142857,0,0,0.142857142857143,0,0,0.857142857142857,0.142857142857143,0,0,0.857142857142857,0.142857142857143,0,0,0,0.857142857142857,0,0.142857142857143,0,0,1,0,0,0,0.142857142857143,0.857142857142857,0,0.142857142857143,0,0,0.428571428571429,0.428571428571429
4,"S12000041",0,0,0,0.333333333333333,0,0.666666666666667,0,0.333333333333333,0,0,0,0.333333333333333,0,0.333333333333333,0,0,0,1,0,0.333333333333333,0,0,0,0.333333333333333,0.333333333333333,0,0,0,0,0,0,0.666666666666667,1,0,1,0,0,0,0,0.666666666666667,0.333333333333333,0,0,0,0,1,0,0,0,0.666666666666667,0.333333333333333,0,0,0,1,0,0,0,0,1,0,0,0,0.666666666666667,0.333333333333333,0,0.666666666666667,0,0,0.333333333333333,0
5,"S12000021",0,0,0.25,0.5,0,0.25,0,0.75,0,0,0,0,0,0.25,0,0,0,0.75,0,0.75,0,0,0.25,0,0,0,0,0,0,0,0,0.25,1,0,1,0,0,0,0,1,0,0,0,0,0,1,0,0,0,1,0,0,0,0,1,0,0,0,0,1,0,0,0,0.25,0.75,0,0.25,0,0,0.75,0
4,"S12000023",0,0,1,0,0,0,0,0.5,0,0,0,0,0,0.5,0,0,0,1,0,0.5,0,0,0,0,0,0,0,0.5,0,0,0,0.5,1,0,1,0,0,0,0,1,0,0,0,0,0,1,0,0,0,1,0,0,0,0,1,0,0,0,0,1,0,0,0,0.5,0.5,0,0.5,0,0,0.5,0
3,"S12000036",0,0,0.333333333333333,0,0,0.666666666666667,0,0,0,0,0.333333333333333,0,0,0.666666666666667,0,0,0,1,0,0,0,0,1,0,0,0,0,0,0,0.333333333333333,0,0.666666666666667,1,0,0.666666666666667,0.333333333333333,0,0,0,0.666666666666667,0.333333333333333,0,0,0,0,0.666666666666667,0.333333333333333,0,0,0.333333333333333,0.666666666666667,0,0,0,1,0,0,0,0,1,0,0,0,1,0,0.666666666666667,0.333333333333333,0,0,0,0
6,"S12000020",0,0,1,0,0,0,0,0.666666666666667,0,0,0,0,0,0.333333333333333,0,0,0,1,0,0.666666666666667,0,0,0.333333333333333,0,0,0,0,0,0,0,0,0.333333333333333,1,0,1,0,0,0,0,0.666666666666667,0,0,0.333333333333333,0,0,0.666666666666667,0,0,0.333333333333333,0.666666666666667,0,0,0.333333333333333,0,1,0,0,0,0,1,0,0,0,0,1,0,0,0,0,1,0
3,"S12000011",0,0,1,0,0,0,0,1,0,0,0,0,0,0,0,0,0,1,0,1,0,0,0,0,0,0,0,0,0,0,0,0,1,0,1,0,0,0,0,1,0,0,0,0,0,1,0,0,0,1,0,0,0,0,1,0,0,0,0,1,0,0,0,0,1,0,0,1,0,0,0
1,"S12000005",0,0,0,1,0,0,0,1,0,0,0,0,0,0,0,0,0,1,0,1,0,0,0,0,0,0,0,0,0,0,0,0,1,0,1,0,0,0,0,1,0,0,0,0,0,1,0,0,0,1,0,0,0,0,1,0,0,0,0,1,0,0,0,0,1,0,0,0,0,1,0
2,"S12000039",0,0,0.5,0,0,0.5,0,0.5,0,0,0,0,0,0.5,0,0,0.5,0.5,0,0.5,0,0,0.5,0,0,0,0,0,0,0,0,0.5,1,0,1,0,0,0,0,1,0,0,0,0,0,1,0,0,0,1,0,0,0,0,1,0,0,0,0,1,0,0,0,1,0,0,0.5,0,0,0,0.5
1,"S12000013",0,0,1,0,0,0,0,1,0,0,0,0,0,0,0,0,0,1,0,1,0,0,0,0,0,0,0,0,0,0,0,0,1,0,1,0,0,0,0,0,0,0,1,0,0,0,1,0,0,0,1,0,0,0,1,0,0,0,0,1,0,0,0,0,1,0,0,0,0,1,0
1,"S12000018",0,0,0,1,0,0,0,1,0,0,0,0,0,0,0,0,0,1,0,1,0,0,0,0,0,0,0,0,0,0,0,0,1,0,1,0,0,0,0,1,0,0,0,0,0,1,0,0,0,1,0,0,0,0,1,0,0,0,0,1,0,0,0,0,1,0,0,0,0,1,0
4,"S12000019",0,0,0.5,0.5,0,0,0,1,0,0,0,0,0,0,0,0,0,1,0,1,0,0,0,0,0,0,0,0,0,0,0,0,1,0,1,0,0,0,0,1,0,0,0,0,0,1,0,0,0,0.5,0.5,0,0,0,1,0,0,0,0,1,0,0,0,0,1,0,0,0,0,1,0
2,"S12000042",0,0,0,0,0,1,0,1,0,0,0,0,0,0,0,0,0,1,0,1,0,0,0,0,0,0,0,0,0,0,0,0,1,0,1,0,0,0,0,1,0,0,0,0,0,1,0,0,0,1,0,0,0,0,1,0,0,0,0,1,0,0,0,1,0,0,1,0,0,0,0
2,"S12000047",0,0.5,0.5,0,0,0,0,1,0,0,0,0,0,0,0,0,0.5,0.5,0,1,0,0,0,0,0,0,0,0,0,0,0,0,1,0,1,0,0,0,0,0,0,0,1,0,0,0.5,0.5,0,0,0,1,0,0,0,1,0,0,0,0,1,0,0,0,0.5,0.5,0,0,0,0,0.5,0.5
2,"S12000033",0,0,0.5,0,0,0.5,0,0.5,0,0,0,0,0,0.5,0,0,0,1,0,0.5,0,0,0,0,0.5,0,0,0,0,0,0,0.5,1,0,1,0,0,0,0,0.5,0.5,0,0,0,0,1,0,0,0,0.5,0.5,0,0,0,1,0,0,0,0,1,0,0,0,1,0,0,1,0,0,0,0
1,"S12000045",0,0,0,1,0,0,0,0,0,0,0,0,0,1,0,0,0,1,0,0,0,0,1,0,0,0,0,0,0,0,0,1,1,0,0,1,0,0,0,0,1,0,0,0,0,1,0,0,0,0,1,0,0,0,1,0,0,0,0,1,0,0,0,1,0,0,0,1,0,0,0
